protocol,disp_deg,start_deg,speed_dps,n,pre_hz,transient_hz,hold_hz,post_hz,hold_sd,d_transient_hz,d_hold_hz
ramp,-8.0,8.0,40.0,10,20.8,57.0,42.8,22.75,3.795,36.2,22.0
ramp,-8.0,8.0,80.0,10,22.4,68.0,50.286,24.0,4.507,45.6,27.886
ramp,-8.0,8.0,120.0,9,22.667,71.667,49.275,23.611,4.601,49.0,26.609
ramp,8.0,0.0,40.0,9,33.778,25.0,37.778,45.278,4.944,-8.778,4.0
ramp,8.0,0.0,80.0,8,33.0,25.0,34.286,45.313,3.741,-8.0,1.286
ramp,8.0,0.0,120.0,10,34.4,27.0,28.435,44.75,5.827,-7.4,-5.965
step,-8.0,8.0,,5,29.2,78.0,49.5,30.0,11.511,48.8,20.3
step,-2.4,8.0,,5,16.0,38.0,36.0,19.5,4.541,22.0,20.0
step,-0.8,8.0,,5,20.4,22.0,23.5,18.0,1.369,1.6,3.1
step,0.8,0.0,,5,24.4,24.0,18.5,24.5,2.85,-0.4,-5.9
step,2.4,0.0,,5,26.8,16.0,17.5,36.5,6.847,-10.8,-9.3
step,8.0,0.0,,5,21.6,18.0,17.5,38.0,1.768,-3.6,-4.1
