type,banc_subclass,n_reviewed,n_auto,agreement
SApp23,club,23,2,1.0
"SApp23,SNpp56",,0,0,
SNpp17,nonleg:neck_chordotonal_organ_neuron,3,6,1.0
SNpp18,nonleg:neck_chordotonal_organ_neuron,7,2,1.0
SNpp19,nonleg:prosternal_hair_plate_neuron,27,0,1.0
SNpp22,nonleg:neck_chordotonal_organ_neuron,4,0,1.0
SNpp39,hook,53,45,0.91
SNpp40,club,5,24,1.0
SNpp41,hook,13,12,1.0
SNpp42,club,4,5,1.0
SNpp43,club,11,37,1.0
SNpp44,hook,1,0,1.0
SNpp45,leg_hair_plate,40,32,1.0
SNpp46,,0,0,
SNpp47,club,27,32,1.0
SNpp48,leg_chordotonal_unspecified,3,1,1.0
SNpp49,leg_chordotonal_unspecified,2,0,1.0
SNpp50,claw,37,16,0.97
SNpp51,claw,10,47,1.0
SNpp52,leg_hair_plate,30,36,0.97
SNpp56,club,7,11,1.0
SNpp57,club,8,13,1.0
SNpp58,club,3,2,1.0
SNpp59,club,1,5,1.0
SNpp60,club,25,12,1.0
SNppxx,leg_hair_plate,54,47,0.57
SNta32,nonleg:hind_leg_bristle_neuron,35,48,0.86
SNta35,nonleg:middle_leg_bristle_neuron,38,16,1.0
SNta41,nonleg:front_leg_bristle_neuron,33,100,0.82
SNta43,nonleg:hind_leg_bristle_neuron,57,28,0.77
SNxx30,nonleg:middle_leg_orphan_neuron,8,9,0.62
SNxxxx,nonleg:front_leg_bristle_neuron,38,163,0.58
untyped,,0,0,
