bodyId,type,instance,heading_deg
519941,EPG,EPG(PB08)_L3,103.25646333941496
11989,EPG,EPG(PB08)_L5,208.62080172434656
107195,EPG,EPG(PB08)_L5,197.63219475386447
519328,EPG,EPG(PB08)_L3,102.88533091673499
512928,EPG,EPG(PB08)_R3,254.26248755269953
14507,EPG,EPG(PB08)_R7,93.7995828483101
524073,EPG,EPG(PB08)_L2,76.81651858236017
519144,EPG,EPG(PB08)_L8,302.1128254538177
512305,EPG,EPG(PB08)_R8,69.96855086859436
513464,EPG,EPG(PB08)_R8,47.27180690613485
19825,EPG,EPG(PB08)_R6,110.1551571132638
55630,EPGt,EPGt(PB09)_R9,2.0730500088089223
11307,EPG,EPG(PB08)_L4,123.02482993028195
11503,EPG,EPG(PB08)_R8,56.49626202774726
84758,EPG,EPG(PB08)_L7,266.42444146369604
520812,EPG,EPG(PB08)_R8,61.5166187688266
513284,EPG,EPG(PB08)_R3,250.28586738801062
556346,EPG,EPG(PB08)_L6,244.72481914017663
523786,EPG,EPG(PB08)_R4,233.35887019120256
11987,EPG,EPG(PB08)_R5,147.7895174268225
513033,EPG,EPG(PB08)_L8,286.36724551089065
19125,EPG,EPG(PB08)_R5,154.03516321703393
131313,EPG,EPG(PB08)_R6,108.2641048285942
513517,EPG,EPG(PB08)_L4,132.80379306244114
556347,EPG,EPG(PB08)_R4,223.40954882221
521409,EPG,EPG(PB08)_L8,282.5059863323941
513463,EPG,EPG(PB08)_R2,272.68095981294624
520818,EPG,EPG(PB08)_L4,123.40332581202536
12449,EPG,EPG(PB08)_L5,191.16684971905374
10539,EPG,EPG(PB08)_R2,274.9735534658939
14727,EPG,EPG(PB08)_L7,260.7276814242583
519140,EPG,EPG(PB08)_L1,4.3676063565969985
15616,EPG,EPG(PB08)_R3,251.4024393318797
16360,EPG,EPG(PB08)_L6,243.583857250611
515675,EPG,EPG(PB08)_R1,341.1614559165505
514126,EPG,EPG(PB08)_R5,143.15147014995628
513520,EPG,EPG(PB08)_R6,113.8268735245852
11874,EPG,EPG(PB08)_L7,261.73674895370743
512514,EPG,EPG(PB08)_L1,22.287223501803233
88342,EPG,EPG(PB08)_L3,101.01585118096409
40768,EPGt,EPGt(PB09)_R9,4.568985172084027
15713,EPG,EPG(PB08)_L6,237.9046596205913
520581,EPG,EPG(PB08)_R4,227.10737639046408
13217,EPG,EPG(PB08)_L8,290.72468012637876
92188,EPG,EPG(PB08)_R7,92.14206671015738
521812,EPG,EPG(PB08)_R7,94.20004368409809
57591,EPGt,EPGt(PB09)_L9,354.3292310900597
521813,EPG,EPG(PB08)_L2,82.37124182848922
543506,EPGt,EPGt(PB09)_L9,354.21759620275196
512513,EPG,EPG(PB08)_R1,327.4333940144106
