allen_hl,trumanHl,sign,n_cells,n_male_cns_cells_in_hl,basis,justification
0A,00A,0,658,297,inferred,"mixed/unclear (frac_expressed >= 30% rule); exact trumanHl base name match; Allen, Neville et al. 2020 eLife 9:e54074, adult VNC scRNA-seq atlas, GEO GSE141807 (GSM4213596-99 DGE matrices); eLife fig1-data1 (cluster markers) and fig1-data2 (cluster hemilineage annotation); marker-based cluster reassignment by this script (authors' per-cell cluster labels were not deposited); mRNA, not synaptic localisation"
10B,10B,0,625,455,inferred,"mixed/unclear (frac_expressed >= 30% rule); exact trumanHl base name match; Allen, Neville et al. 2020 eLife 9:e54074, adult VNC scRNA-seq atlas, GEO GSE141807 (GSM4213596-99 DGE matrices); eLife fig1-data1 (cluster markers) and fig1-data2 (cluster hemilineage annotation); marker-based cluster reassignment by this script (authors' per-cell cluster labels were not deposited); mRNA, not synaptic localisation"
11B,11B,0,196,180,inferred,"mixed/unclear (frac_expressed >= 30% rule); exact trumanHl base name match; Allen, Neville et al. 2020 eLife 9:e54074, adult VNC scRNA-seq atlas, GEO GSE141807 (GSM4213596-99 DGE matrices); eLife fig1-data1 (cluster markers) and fig1-data2 (cluster hemilineage annotation); marker-based cluster reassignment by this script (authors' per-cell cluster labels were not deposited); mRNA, not synaptic localisation"
12B,12B,0,1016,562,inferred,"mixed/unclear (frac_expressed >= 30% rule); exact trumanHl base name match; Allen, Neville et al. 2020 eLife 9:e54074, adult VNC scRNA-seq atlas, GEO GSE141807 (GSM4213596-99 DGE matrices); eLife fig1-data1 (cluster markers) and fig1-data2 (cluster hemilineage annotation); marker-based cluster reassignment by this script (authors' per-cell cluster labels were not deposited); mRNA, not synaptic localisation"
13A/19A,13A,0,1806,610,inferred,"mixed/unclear (frac_expressed >= 30% rule); Allen ambiguous label '13A/19A' resolved by token '13A' -> trumanHl '13A'; Allen, Neville et al. 2020 eLife 9:e54074, adult VNC scRNA-seq atlas, GEO GSE141807 (GSM4213596-99 DGE matrices); eLife fig1-data1 (cluster markers) and fig1-data2 (cluster hemilineage annotation); marker-based cluster reassignment by this script (authors' per-cell cluster labels were not deposited); mRNA, not synaptic localisation"
13A/19A,19A,0,1806,642,inferred,"mixed/unclear (frac_expressed >= 30% rule); Allen ambiguous label '13A/19A' resolved by token '19A' -> trumanHl '19A'; Allen, Neville et al. 2020 eLife 9:e54074, adult VNC scRNA-seq atlas, GEO GSE141807 (GSM4213596-99 DGE matrices); eLife fig1-data1 (cluster markers) and fig1-data2 (cluster hemilineage annotation); marker-based cluster reassignment by this script (authors' per-cell cluster labels were not deposited); mRNA, not synaptic localisation"
13B,13B,0,573,461,inferred,"mixed/unclear (frac_expressed >= 30% rule); exact trumanHl base name match; Allen, Neville et al. 2020 eLife 9:e54074, adult VNC scRNA-seq atlas, GEO GSE141807 (GSM4213596-99 DGE matrices); eLife fig1-data1 (cluster markers) and fig1-data2 (cluster hemilineage annotation); marker-based cluster reassignment by this script (authors' per-cell cluster labels were not deposited); mRNA, not synaptic localisation"
14A,14A,0,785,518,inferred,"mixed/unclear (frac_expressed >= 30% rule); exact trumanHl base name match; Allen, Neville et al. 2020 eLife 9:e54074, adult VNC scRNA-seq atlas, GEO GSE141807 (GSM4213596-99 DGE matrices); eLife fig1-data1 (cluster markers) and fig1-data2 (cluster hemilineage annotation); marker-based cluster reassignment by this script (authors' per-cell cluster labels were not deposited); mRNA, not synaptic localisation"
15B,15B,0,749,161,inferred,"mixed/unclear (frac_expressed >= 30% rule); exact trumanHl base name match; Allen, Neville et al. 2020 eLife 9:e54074, adult VNC scRNA-seq atlas, GEO GSE141807 (GSM4213596-99 DGE matrices); eLife fig1-data1 (cluster markers) and fig1-data2 (cluster hemilineage annotation); marker-based cluster reassignment by this script (authors' per-cell cluster labels were not deposited); mRNA, not synaptic localisation"
16B,16B,0,762,518,inferred,"mixed/unclear (frac_expressed >= 30% rule); exact trumanHl base name match; Allen, Neville et al. 2020 eLife 9:e54074, adult VNC scRNA-seq atlas, GEO GSE141807 (GSM4213596-99 DGE matrices); eLife fig1-data1 (cluster markers) and fig1-data2 (cluster hemilineage annotation); marker-based cluster reassignment by this script (authors' per-cell cluster labels were not deposited); mRNA, not synaptic localisation"
1A,01A,0,395,399,inferred,"mixed/unclear (frac_expressed >= 30% rule); exact trumanHl base name match; Allen, Neville et al. 2020 eLife 9:e54074, adult VNC scRNA-seq atlas, GEO GSE141807 (GSM4213596-99 DGE matrices); eLife fig1-data1 (cluster markers) and fig1-data2 (cluster hemilineage annotation); marker-based cluster reassignment by this script (authors' per-cell cluster labels were not deposited); mRNA, not synaptic localisation"
1B,01B,0,534,503,inferred,"mixed/unclear (frac_expressed >= 30% rule); exact trumanHl base name match; Allen, Neville et al. 2020 eLife 9:e54074, adult VNC scRNA-seq atlas, GEO GSE141807 (GSM4213596-99 DGE matrices); eLife fig1-data1 (cluster markers) and fig1-data2 (cluster hemilineage annotation); marker-based cluster reassignment by this script (authors' per-cell cluster labels were not deposited); mRNA, not synaptic localisation"
20A/22A,20A.22A,0,1310,817,inferred,"mixed/unclear (frac_expressed >= 30% rule); Allen '20A/22A' matches trumanHl combo '20A.22A' directly; Allen, Neville et al. 2020 eLife 9:e54074, adult VNC scRNA-seq atlas, GEO GSE141807 (GSM4213596-99 DGE matrices); eLife fig1-data1 (cluster markers) and fig1-data2 (cluster hemilineage annotation); marker-based cluster reassignment by this script (authors' per-cell cluster labels were not deposited); mRNA, not synaptic localisation"
21A,21A,0,631,419,inferred,"mixed/unclear (frac_expressed >= 30% rule); exact trumanHl base name match; Allen, Neville et al. 2020 eLife 9:e54074, adult VNC scRNA-seq atlas, GEO GSE141807 (GSM4213596-99 DGE matrices); eLife fig1-data1 (cluster markers) and fig1-data2 (cluster hemilineage annotation); marker-based cluster reassignment by this script (authors' per-cell cluster labels were not deposited); mRNA, not synaptic localisation"
23B,23B,0,782,645,inferred,"mixed/unclear (frac_expressed >= 30% rule); exact trumanHl base name match; Allen, Neville et al. 2020 eLife 9:e54074, adult VNC scRNA-seq atlas, GEO GSE141807 (GSM4213596-99 DGE matrices); eLife fig1-data1 (cluster markers) and fig1-data2 (cluster hemilineage annotation); marker-based cluster reassignment by this script (authors' per-cell cluster labels were not deposited); mRNA, not synaptic localisation"
4B,04B,0,644,568,inferred,"mixed/unclear (frac_expressed >= 30% rule); exact trumanHl base name match; Allen, Neville et al. 2020 eLife 9:e54074, adult VNC scRNA-seq atlas, GEO GSE141807 (GSM4213596-99 DGE matrices); eLife fig1-data1 (cluster markers) and fig1-data2 (cluster hemilineage annotation); marker-based cluster reassignment by this script (authors' per-cell cluster labels were not deposited); mRNA, not synaptic localisation"
5B/6B,05B,0,1021,379,inferred,"mixed/unclear (frac_expressed >= 30% rule); Allen ambiguous label '5B/6B' resolved by token '5B' -> trumanHl '05B'; Allen, Neville et al. 2020 eLife 9:e54074, adult VNC scRNA-seq atlas, GEO GSE141807 (GSM4213596-99 DGE matrices); eLife fig1-data1 (cluster markers) and fig1-data2 (cluster hemilineage annotation); marker-based cluster reassignment by this script (authors' per-cell cluster labels were not deposited); mRNA, not synaptic localisation"
5B/6B,06B,0,1021,447,inferred,"mixed/unclear (frac_expressed >= 30% rule); Allen ambiguous label '5B/6B' resolved by token '6B' -> trumanHl '06B'; Allen, Neville et al. 2020 eLife 9:e54074, adult VNC scRNA-seq atlas, GEO GSE141807 (GSM4213596-99 DGE matrices); eLife fig1-data1 (cluster markers) and fig1-data2 (cluster hemilineage annotation); marker-based cluster reassignment by this script (authors' per-cell cluster labels were not deposited); mRNA, not synaptic localisation"
6A,06A,0,843,788,inferred,"mixed/unclear (frac_expressed >= 30% rule); exact trumanHl base name match; Allen, Neville et al. 2020 eLife 9:e54074, adult VNC scRNA-seq atlas, GEO GSE141807 (GSM4213596-99 DGE matrices); eLife fig1-data1 (cluster markers) and fig1-data2 (cluster hemilineage annotation); marker-based cluster reassignment by this script (authors' per-cell cluster labels were not deposited); mRNA, not synaptic localisation"
8A/24B,08A,0,790,352,inferred,"mixed/unclear (frac_expressed >= 30% rule); Allen ambiguous label '8A/24B' resolved by token '8A' -> trumanHl '08A'; Allen, Neville et al. 2020 eLife 9:e54074, adult VNC scRNA-seq atlas, GEO GSE141807 (GSM4213596-99 DGE matrices); eLife fig1-data1 (cluster markers) and fig1-data2 (cluster hemilineage annotation); marker-based cluster reassignment by this script (authors' per-cell cluster labels were not deposited); mRNA, not synaptic localisation"
8A/24B,24B.25B,0,790,43,inferred,"mixed/unclear (frac_expressed >= 30% rule); token '24B' (from Allen '8A/24B') is a component of trumanHl combo '24B.25B'; that combo is not separately resolved; Allen, Neville et al. 2020 eLife 9:e54074, adult VNC scRNA-seq atlas, GEO GSE141807 (GSM4213596-99 DGE matrices); eLife fig1-data1 (cluster markers) and fig1-data2 (cluster hemilineage annotation); marker-based cluster reassignment by this script (authors' per-cell cluster labels were not deposited); mRNA, not synaptic localisation"
8B,08B,0,1050,877,inferred,"mixed/unclear (frac_expressed >= 30% rule); exact trumanHl base name match; Allen, Neville et al. 2020 eLife 9:e54074, adult VNC scRNA-seq atlas, GEO GSE141807 (GSM4213596-99 DGE matrices); eLife fig1-data1 (cluster markers) and fig1-data2 (cluster hemilineage annotation); marker-based cluster reassignment by this script (authors' per-cell cluster labels were not deposited); mRNA, not synaptic localisation"
9A,09A,0,918,791,inferred,"mixed/unclear (frac_expressed >= 30% rule); exact trumanHl base name match; Allen, Neville et al. 2020 eLife 9:e54074, adult VNC scRNA-seq atlas, GEO GSE141807 (GSM4213596-99 DGE matrices); eLife fig1-data1 (cluster markers) and fig1-data2 (cluster hemilineage annotation); marker-based cluster reassignment by this script (authors' per-cell cluster labels were not deposited); mRNA, not synaptic localisation"
9B,09B,0,255,543,inferred,"mixed/unclear (frac_expressed >= 30% rule); exact trumanHl base name match; Allen, Neville et al. 2020 eLife 9:e54074, adult VNC scRNA-seq atlas, GEO GSE141807 (GSM4213596-99 DGE matrices); eLife fig1-data1 (cluster markers) and fig1-data2 (cluster hemilineage annotation); marker-based cluster reassignment by this script (authors' per-cell cluster labels were not deposited); mRNA, not synaptic localisation"
