type,param,value,units,basis,source,justification,status
C3,glutamate_receptor_sign,1.0,sign,inferred,"Özel, Simon et al. 2021 Nature 589:88, GEO GSE142787 Mixture_modeling (Adult_MM_final); Supp Table 1","iGluR ON, GluClalpha OFF (Özel adult mixture model): glutamatergic input excitatory (candidate, not live; as for Davis)",candidate
Dm12,glutamate_receptor_sign,1.0,sign,inferred,"Özel, Simon et al. 2021 Nature 589:88, GEO GSE142787 Mixture_modeling (Adult_MM_final); Supp Table 1","iGluR ON, GluClalpha OFF (Özel adult mixture model): glutamatergic input excitatory (candidate, not live; as for Davis)",candidate
L3,glutamate_receptor_sign,-1.0,sign,inferred,"Özel, Simon et al. 2021 Nature 589:88, GEO GSE142787 Mixture_modeling (Adult_MM_final); Supp Table 1","GluClalpha ON, GluRIA and GluRIB OFF (Özel adult mixture model): GluCl-dominated, glutamatergic input inhibitory; mRNA, not synaptic localisation",live
L4,glutamate_receptor_sign,-1.0,sign,inferred,"Özel, Simon et al. 2021 Nature 589:88, GEO GSE142787 Mixture_modeling (Adult_MM_final); Supp Table 1","GluClalpha ON, GluRIA and GluRIB OFF (Özel adult mixture model): GluCl-dominated, glutamatergic input inhibitory; mRNA, not synaptic localisation",live
L5,glutamate_receptor_sign,1.0,sign,inferred,"Özel, Simon et al. 2021 Nature 589:88, GEO GSE142787 Mixture_modeling (Adult_MM_final); Supp Table 1","iGluR ON, GluClalpha OFF (Özel adult mixture model): glutamatergic input excitatory (candidate, not live; as for Davis)",candidate
LC12,glutamate_receptor_sign,-1.0,sign,inferred,"Özel, Simon et al. 2021 Nature 589:88, GEO GSE142787 Mixture_modeling (Adult_MM_final); Supp Table 1","GluClalpha ON, GluRIA and GluRIB OFF (Özel adult mixture model): GluCl-dominated, glutamatergic input inhibitory; mRNA, not synaptic localisation",live
LC17,glutamate_receptor_sign,-1.0,sign,inferred,"Özel, Simon et al. 2021 Nature 589:88, GEO GSE142787 Mixture_modeling (Adult_MM_final); Supp Table 1","GluClalpha ON, GluRIA and GluRIB OFF (Özel adult mixture model): GluCl-dominated, glutamatergic input inhibitory; mRNA, not synaptic localisation",live
Lai,glutamate_receptor_sign,1.0,sign,inferred,"Özel, Simon et al. 2021 Nature 589:88, GEO GSE142787 Mixture_modeling (Adult_MM_final); Supp Table 1","iGluR ON, GluClalpha OFF (Özel adult mixture model): glutamatergic input excitatory (candidate, not live; as for Davis)",candidate
Pm1,glutamate_receptor_sign,-1.0,sign,inferred,"Özel, Simon et al. 2021 Nature 589:88, GEO GSE142787 Mixture_modeling (Adult_MM_final); Supp Table 1","GluClalpha ON, GluRIA and GluRIB OFF (Özel adult mixture model): GluCl-dominated, glutamatergic input inhibitory; mRNA, not synaptic localisation",live
T2,glutamate_receptor_sign,-1.0,sign,inferred,"Özel, Simon et al. 2021 Nature 589:88, GEO GSE142787 Mixture_modeling (Adult_MM_final); Supp Table 1","GluClalpha ON, GluRIA and GluRIB OFF (Özel adult mixture model): GluCl-dominated, glutamatergic input inhibitory; mRNA, not synaptic localisation",live
T3,glutamate_receptor_sign,-1.0,sign,inferred,"Özel, Simon et al. 2021 Nature 589:88, GEO GSE142787 Mixture_modeling (Adult_MM_final); Supp Table 1","GluClalpha ON, GluRIA and GluRIB OFF (Özel adult mixture model): GluCl-dominated, glutamatergic input inhibitory; mRNA, not synaptic localisation",live
Tm5a,glutamate_receptor_sign,-1.0,sign,inferred,"Özel, Simon et al. 2021 Nature 589:88, GEO GSE142787 Mixture_modeling (Adult_MM_final); Supp Table 1","GluClalpha ON, GluRIA and GluRIB OFF (Özel adult mixture model): GluCl-dominated, glutamatergic input inhibitory; mRNA, not synaptic localisation",live
Tm5b,glutamate_receptor_sign,-1.0,sign,inferred,"Özel, Simon et al. 2021 Nature 589:88, GEO GSE142787 Mixture_modeling (Adult_MM_final); Supp Table 1","GluClalpha ON, GluRIA and GluRIB OFF (Özel adult mixture model): GluCl-dominated, glutamatergic input inhibitory; mRNA, not synaptic localisation",live
Tm5c,glutamate_receptor_sign,-1.0,sign,inferred,"Özel, Simon et al. 2021 Nature 589:88, GEO GSE142787 Mixture_modeling (Adult_MM_final); Supp Table 1","GluClalpha ON, GluRIA and GluRIB OFF (Özel adult mixture model): GluCl-dominated, glutamatergic input inhibitory; mRNA, not synaptic localisation",live
TmY14,glutamate_receptor_sign,-1.0,sign,inferred,"Özel, Simon et al. 2021 Nature 589:88, GEO GSE142787 Mixture_modeling (Adult_MM_final); Supp Table 1","GluClalpha ON, GluRIA and GluRIB OFF (Özel adult mixture model): GluCl-dominated, glutamatergic input inhibitory; mRNA, not synaptic localisation",live
TmY4,glutamate_receptor_sign,-1.0,sign,inferred,"Özel, Simon et al. 2021 Nature 589:88, GEO GSE142787 Mixture_modeling (Adult_MM_final); Supp Table 1","GluClalpha ON, GluRIA and GluRIB OFF (Özel adult mixture model): GluCl-dominated, glutamatergic input inhibitory; mRNA, not synaptic localisation",live
