source,behaviour,leg,angle_name,definition,min_deg,p5_deg,p50_deg,p95_deg,max_deg,n_flies,n_frames,label
Haustein et al. 2024 (Frontiers Bioeng Biotechnol 12:1357598),walking (tethered on ball),front,CxTr flexion/extension (coxa-trochanter, yaw DOF),"Inverse-kinematics-fitted yaw DOF of the CxTr joint in a leg-local kinematic chain fit to motion-captured CxTr/TrFe/FeTi/TiTar/Tar positions; 180 deg added to solver output so 0 deg = fully flexed (coxa and trochanter/femur segments overlapping) and 180 deg = fully extended (colinear); right-leg sign convention (left-leg yaw sign inverted). Values are the across-flies mean +/- SD trajectory over normalized step-cycle phase (swing or stance), read off the Fig. 4A axis and curve envelope, not a frame-level distribution.",10,,,,160,12,232 swing strides / 213 stance strides,read from figure
Haustein et al. 2024 (Frontiers Bioeng Biotechnol 12:1357598),walking (tethered on ball),middle,CxTr flexion/extension (coxa-trochanter, yaw DOF),"Same definition as front leg row (Fig. 4B).",70,,,,140,12,238 swing strides / 215 stance strides,read from figure
Haustein et al. 2024 (Frontiers Bioeng Biotechnol 12:1357598),walking (tethered on ball),hind,CxTr flexion/extension (coxa-trochanter, yaw DOF),"Same definition as front leg row (Fig. 4C).",70,,,,180,12,239 swing strides / 224 stance strides,read from figure
Haustein et al. 2024 (Frontiers Bioeng Biotechnol 12:1357598),walking (tethered on ball),front,FeTi flexion/extension (femur-tibia, yaw DOF),"Same post-processing as CxTr (0 deg fully flexed, 180 deg fully extended); Fig. 4A FeTi-yaw row.",0,,,,160,12,232 swing strides / 213 stance strides,read from figure
Haustein et al. 2024 (Frontiers Bioeng Biotechnol 12:1357598),walking (tethered on ball),middle,FeTi flexion/extension (femur-tibia, yaw DOF),"Same post-processing as CxTr; Fig. 4B FeTi-yaw row.",30,,,,110,12,238 swing strides / 215 stance strides,read from figure
Haustein et al. 2024 (Frontiers Bioeng Biotechnol 12:1357598),walking (tethered on ball),hind,FeTi flexion/extension (femur-tibia, yaw DOF),"Same post-processing as CxTr; Fig. 4C FeTi-yaw row.",20,,,,160,12,239 swing strides / 224 stance strides,read from figure
Karashchuk et al. 2021 (Cell Reports 36:109730, Anipose),walking (tethered on air-supported ball),L1 (front left),femur-tibia flexion angle,"Angle at the femur-tibia (FeTi) joint computed from 3D-triangulated keypoints (body-coxa, coxa-femur, femur-tibia, tibia-tarsus, tarsus tip); exact vector/zero-reference and flexion-sign convention not given in the main text (not in the excerpt I could access). Pooled-frame kernel-density PDF across all walking bouts, Fig. 7B left panel; values are the approximate support (where the curve approaches the baseline) and the peak (mode, not true median) read off the plot.",35,,90,,140,39,"1480 s pooled across 6 legs x 39 flies, per-leg frame count not given",read from figure
Karashchuk et al. 2021 (Cell Reports 36:109730, Anipose),walking (tethered on air-supported ball),R1 (front right),femur-tibia flexion angle,"Same definition as L1 row.",35,,92,,140,39,,read from figure
Karashchuk et al. 2021 (Cell Reports 36:109730, Anipose),walking (tethered on air-supported ball),L2 (middle left),femur-tibia flexion angle,"Same definition as L1 row.",40,,70,,105,39,,read from figure
Karashchuk et al. 2021 (Cell Reports 36:109730, Anipose),walking (tethered on air-supported ball),R2 (middle right),femur-tibia flexion angle,"Same definition as L1 row.",45,,80,,115,39,,read from figure
Karashchuk et al. 2021 (Cell Reports 36:109730, Anipose),walking (tethered on air-supported ball),L3 (hind left),femur-tibia flexion angle,"Same definition as L1 row.",25,,60,,130,39,,read from figure
Karashchuk et al. 2021 (Cell Reports 36:109730, Anipose),walking (tethered on air-supported ball),R3 (hind right),femur-tibia flexion angle,"Same definition as L1 row.",25,,62,,130,39,,read from figure
Karashchuk et al. 2021 (Cell Reports 36:109730, Anipose),walking (tethered on air-supported ball),L1 (front left),coxa rotation angle,"Rotation of the coxa about the leg's long axis, from 3D-triangulated keypoints; zero reference is an arbitrary per-leg calibration pose, not an anatomical landmark (not comparable across legs in absolute terms without recalibration). This is NOT the CTr flexion/extension (hinge) angle. Pooled-frame PDF, Fig. 7B middle panel.",25,,58,,95,39,,read from figure
Karashchuk et al. 2021 (Cell Reports 36:109730, Anipose),walking (tethered on air-supported ball),R1 (front right),coxa rotation angle,"Same definition as L1 row.",90,,122,,155,39,,read from figure
Karashchuk et al. 2021 (Cell Reports 36:109730, Anipose),walking (tethered on air-supported ball),L2 (middle left),coxa rotation angle,"Same definition as L1 row.",-45,,-22,,2,39,,read from figure
Karashchuk et al. 2021 (Cell Reports 36:109730, Anipose),walking (tethered on air-supported ball),R2 (middle right),coxa rotation angle,"Same definition as L1 row.",-198,,-170,,-145,39,,read from figure
Karashchuk et al. 2021 (Cell Reports 36:109730, Anipose),walking (tethered on air-supported ball),L3 (hind left),coxa rotation angle,"Same definition as L1 row.",-62,,-42,,-20,39,,read from figure
Karashchuk et al. 2021 (Cell Reports 36:109730, Anipose),walking (tethered on air-supported ball),R3 (hind right),coxa rotation angle,"Same definition as L1 row.",-170,,-140,,-110,39,,read from figure
Karashchuk et al. 2021 (Cell Reports 36:109730, Anipose),walking (tethered on air-supported ball),L1 (front left),femur rotation angle,"Rotation of the femur about its long axis, from 3D-triangulated keypoints; zero reference is an arbitrary per-leg calibration pose. Not the CTr hinge angle. Pooled-frame PDF, Fig. 7B right panel.",-30,,-15,,5,39,,read from figure
Karashchuk et al. 2021 (Cell Reports 36:109730, Anipose),walking (tethered on air-supported ball),R1 (front right),femur rotation angle,"Same definition as L1 row.",0,,17,,40,39,,read from figure
Karashchuk et al. 2021 (Cell Reports 36:109730, Anipose),walking (tethered on air-supported ball),L2 (middle left),femur rotation angle,"Same definition as L1 row.",-75,,-45,,-5,39,,read from figure
Karashchuk et al. 2021 (Cell Reports 36:109730, Anipose),walking (tethered on air-supported ball),R2 (middle right),femur rotation angle,"Same definition as L1 row.",5,,30,,55,39,,read from figure
Karashchuk et al. 2021 (Cell Reports 36:109730, Anipose),walking (tethered on air-supported ball),L3 (hind left),femur rotation angle,"Same definition as L1 row.",-20,,2,,25,39,,read from figure
Karashchuk et al. 2021 (Cell Reports 36:109730, Anipose),walking (tethered on air-supported ball),R3 (hind right),femur rotation angle,"Same definition as L1 row.",-35,,-15,,10,39,,read from figure
