# Muscle optimum (normalised length 1) per flybody DOF and direction, joined from FlyMimic by interior segment angle. Built by scripts/build_muscle_optimum_join.py (session 11). q_opt_rad in flybody joint coordinates; DOFs not listed keep the zero pose.
joint,direction,theta_opt_deg,theta_zero_pose_deg,q_opt_rad,branch_deg,match_err_deg,n_flymimic,label,basis
lf_trochanterfemur-lf_tibia-pitch,1,56.9,91.1,0.596,162-2,0.0,1,derived,FlyMimic keyframe optimum as an interior angle (front leg)
lm_trochanterfemur-lm_tibia-pitch,1,56.9,84.8,0.487,162-3,0.0,1,guessed,front-leg interior angle copied (FlyMimic has no mid/hind muscles)
lh_trochanterfemur-lh_tibia-pitch,1,56.9,93.6,0.641,162-1,0.0,1,guessed,front-leg interior angle copied (FlyMimic has no mid/hind muscles)
rf_trochanterfemur-rf_tibia-pitch,1,56.9,91.9,0.61,162-1,0.0,1,derived,FlyMimic keyframe optimum as an interior angle (front leg)
rm_trochanterfemur-rm_tibia-pitch,1,56.9,84.9,0.489,162-0,0.0,1,guessed,front-leg interior angle copied (FlyMimic has no mid/hind muscles)
rh_trochanterfemur-rh_tibia-pitch,1,56.9,93.3,0.634,162-1,0.0,1,guessed,front-leg interior angle copied (FlyMimic has no mid/hind muscles)
lf_trochanterfemur-lf_tibia-pitch,-1,83.8,91.1,0.128,162-2,0.0,1,derived,FlyMimic keyframe optimum as an interior angle (front leg)
lm_trochanterfemur-lm_tibia-pitch,-1,83.8,84.8,0.019,162-3,0.0,1,guessed,front-leg interior angle copied (FlyMimic has no mid/hind muscles)
lh_trochanterfemur-lh_tibia-pitch,-1,83.8,93.6,0.172,162-1,0.0,1,guessed,front-leg interior angle copied (FlyMimic has no mid/hind muscles)
rf_trochanterfemur-rf_tibia-pitch,-1,83.8,91.9,0.142,162-1,0.0,1,derived,FlyMimic keyframe optimum as an interior angle (front leg)
rm_trochanterfemur-rm_tibia-pitch,-1,83.8,84.9,0.02,162-0,0.0,1,guessed,front-leg interior angle copied (FlyMimic has no mid/hind muscles)
rh_trochanterfemur-rh_tibia-pitch,-1,83.8,93.3,0.166,162-1,0.0,1,guessed,front-leg interior angle copied (FlyMimic has no mid/hind muscles)
lf_coxa-lf_trochanterfemur-pitch,-1,86.1,150.8,1.132,180-51,0.1,3,derived,FlyMimic keyframe optimum as an interior angle (front leg)
lm_coxa-lm_trochanterfemur-pitch,-1,86.1,165.3,1.381,180-65,0.1,3,guessed,front-leg interior angle copied (FlyMimic has no mid/hind muscles)
lh_coxa-lh_trochanterfemur-pitch,-1,86.1,111.9,0.459,171-15,0.1,3,guessed,front-leg interior angle copied (FlyMimic has no mid/hind muscles)
rf_coxa-rf_trochanterfemur-pitch,-1,86.1,149.7,1.112,180-50,0.0,3,derived,FlyMimic keyframe optimum as an interior angle (front leg)
rm_coxa-rm_trochanterfemur-pitch,-1,86.1,164.6,1.371,180-65,0.0,3,guessed,front-leg interior angle copied (FlyMimic has no mid/hind muscles)
rh_coxa-rh_trochanterfemur-pitch,-1,86.1,112.9,0.474,171-16,0.0,3,guessed,front-leg interior angle copied (FlyMimic has no mid/hind muscles)
lf_coxa-lf_trochanterfemur-pitch,1,102.6,150.8,0.843,180-51,0.1,3,derived,FlyMimic keyframe optimum as an interior angle (front leg)
lm_coxa-lm_trochanterfemur-pitch,1,102.6,165.3,1.092,180-65,0.1,3,guessed,front-leg interior angle copied (FlyMimic has no mid/hind muscles)
lh_coxa-lh_trochanterfemur-pitch,1,102.6,111.9,0.165,171-15,0.0,3,guessed,front-leg interior angle copied (FlyMimic has no mid/hind muscles)
rf_coxa-rf_trochanterfemur-pitch,1,102.6,149.7,0.823,180-50,0.0,3,derived,FlyMimic keyframe optimum as an interior angle (front leg)
rm_coxa-rm_trochanterfemur-pitch,1,102.6,164.6,1.082,180-65,0.0,3,guessed,front-leg interior angle copied (FlyMimic has no mid/hind muscles)
rh_coxa-rh_trochanterfemur-pitch,1,102.6,112.9,0.18,171-16,0.1,3,guessed,front-leg interior angle copied (FlyMimic has no mid/hind muscles)
