# D. hydei wing planform, Muijres et al. 2014 Science 344:172, Database S1 wing_model (measured; left = right). Wing length 2.986 mm, strip width 0.1493 mm, strip-sum area 2.6541 mm^2 (settings_variables.ARwing_fly 3.1579 gives 2.823), r2/L 0.5835, r3/L 0.6219. Built by scripts/build_hydei_planform.py.
strip,r_mm,chord_mm,r_over_L,chord_over_L
1,0.0747,0.1284,0.025,0.043
2,0.224,0.3306,0.075,0.1107
3,0.3733,0.4815,0.125,0.16126
4,0.5226,0.6461,0.175,0.21638
5,0.6719,0.864,0.225,0.28935
6,0.8212,0.9717,0.275,0.32541
7,0.9705,1.0782,0.325,0.36107
8,1.1198,1.1413,0.375,0.38222
9,1.2691,1.1863,0.425,0.39728
10,1.4184,1.2024,0.475,0.40267
11,1.5676,1.2094,0.525,0.40503
12,1.717,1.1985,0.575,0.40138
13,1.8662,1.1842,0.625,0.39659
14,2.0156,1.154,0.675,0.38648
15,2.1648,1.113,0.725,0.37273
16,2.3142,1.0581,0.775,0.35436
17,2.4634,0.9714,0.825,0.3253
18,2.6128,0.8457,0.875,0.28321
19,2.762,0.6545,0.925,0.21917
20,2.9114,0.3577,0.975,0.11978
