# Non-leg moved-part geometry on the flybody mesh (Vaxenburg et al. 2025; one female, confocal scan) by scripts/probes/nonleg_joint_geometry.py (session 12 B). Label derived. child_len: extent of the child mesh beyond the joint along the joint-to-centroid line; com: joint to mesh centroid; base_width: widest hull width at 5% of child_len. mm. Front-leg rows for comparison.
child,parent,n_vertices,child_len_mm,com_mm,base_width_mm
c_head,c_thorax,321444,0.476,0.1856,0.8725
c_rostrum,c_head,21924,0.3854,0.291,0.2369
c_haustellum,c_rostrum,18912,0.2461,0.1231,0.1244
l_labrum,c_haustellum,2880,0.1993,0.0954,0.1427
r_labrum,c_haustellum,2880,0.2012,0.097,0.1427
l_antenna,c_head,17544,0.4254,0.1386,0.1253
r_antenna,c_head,17544,0.4204,0.1358,0.1314
c_abdomen1,c_thorax,5814,0.4179,0.1455,0.5241
c_abdomen2,c_abdomen1,3396,0.682,0.2903,0.5912
c_abdomen3,c_abdomen2,4068,0.7445,0.3409,0.6598
c_abdomen4,c_abdomen3,4068,0.7078,0.3197,0.716
c_abdomen5,c_abdomen4,4164,0.6257,0.2913,0.6978
c_abdomen6,c_abdomen5,4068,0.5452,0.2606,0.6108
c_abdomen7,c_abdomen6,9126,0.4686,0.2462,0.5566
l_wing,c_thorax,20184,2.6427,1.0201,0.0309
r_wing,c_thorax,20184,2.6427,1.02,0.0309
l_haltere,c_thorax,3744,0.2974,0.1211,0.06
r_haltere,c_thorax,3744,0.3007,0.1243,0.06
lf_coxa,c_thorax,6696,0.4666,0.2681,0.0511
lf_trochanterfemur,lf_coxa,6444,0.7133,0.3059,0.0863
lf_tibia,lf_trochanterfemur,2970,0.5316,0.2845,0.0597
