hl,acetylcholine,gaba,glutamate,n_known,majority,purity,n_types
00A,0.0,288.0,0.0,288.0,gaba,1.0,115
00B,0.0,0.0,2.0,2.0,glutamate,1.0,2
01A,399.0,0.0,0.0,399.0,acetylcholine,1.0,94
01B,6.0,490.0,0.0,496.0,gaba,0.9879032258064516,120
01B_put1,0.0,2.0,0.0,2.0,gaba,1.0,1
02A,6.0,0.0,301.0,307.0,glutamate,0.9804560260586319,67
02A_put1,0.0,0.0,4.0,4.0,glutamate,1.0,2
02A_put2,0.0,0.0,167.0,167.0,glutamate,1.0,53
03A,576.0,0.0,0.0,576.0,acetylcholine,1.0,107
03A_put1,2.0,0.0,202.0,204.0,glutamate,0.9901960784313726,45
03A_put2,0.0,0.0,18.0,18.0,glutamate,1.0,9
03B,18.0,429.0,0.0,447.0,gaba,0.959731543624161,77
03B_put1,2.0,182.0,0.0,184.0,gaba,0.9891304347826086,40
03B_put2,0.0,123.0,0.0,123.0,gaba,1.0,34
03B_put3,0.0,145.0,0.0,145.0,gaba,1.0,37
04A,12.0,0.0,0.0,12.0,acetylcholine,1.0,2
04B,568.0,0.0,0.0,568.0,acetylcholine,1.0,118
05B,54.0,291.0,0.0,345.0,gaba,0.8434782608695652,128
05B_put1,12.0,0.0,0.0,12.0,acetylcholine,1.0,5
05B_put2,0.0,12.0,0.0,12.0,gaba,1.0,6
05B_put3,0.0,2.0,0.0,2.0,gaba,1.0,1
06A,0.0,573.0,14.0,587.0,gaba,0.9761499148211243,141
06A_put1,0.0,104.0,2.0,106.0,gaba,0.9811320754716981,30
06A_put2,0.0,0.0,71.0,71.0,glutamate,1.0,9
06B,2.0,443.0,2.0,447.0,gaba,0.9910514541387024,95
07B,892.0,8.0,54.0,954.0,acetylcholine,0.9350104821802935,266
07B_put1,103.0,0.0,8.0,111.0,acetylcholine,0.9279279279279279,33
07B_put2,159.0,0.0,0.0,159.0,acetylcholine,1.0,59
08A,0.0,6.0,346.0,352.0,glutamate,0.9829545454545454,51
08B,499.0,6.0,0.0,505.0,acetylcholine,0.9881188118811881,133
08B_put1,20.0,0.0,0.0,20.0,acetylcholine,1.0,9
08B_put2,352.0,0.0,0.0,352.0,acetylcholine,1.0,101
09A,0.0,532.0,0.0,532.0,gaba,1.0,94
09A_put1,99.0,115.0,0.0,214.0,gaba,0.5373831775700935,49
09B,108.0,0.0,115.0,223.0,glutamate,0.515695067264574,62
09B_put1,316.0,0.0,0.0,316.0,acetylcholine,1.0,90
10B,453.0,0.0,0.0,453.0,acetylcholine,1.0,62
11A,205.0,2.0,0.0,207.0,acetylcholine,0.9903381642512077,55
11A_put1,16.0,0.0,0.0,16.0,acetylcholine,1.0,7
11B,10.0,164.0,0.0,174.0,gaba,0.9425287356321839,37
11B_put1,0.0,6.0,0.0,6.0,gaba,1.0,3
12A,518.0,2.0,0.0,520.0,acetylcholine,0.9961538461538462,152
12A_put1,8.0,0.0,0.0,8.0,acetylcholine,1.0,4
12B,0.0,558.0,0.0,558.0,gaba,1.0,119
12B_put1,0.0,2.0,0.0,2.0,gaba,1.0,1
13A,0.0,432.0,0.0,432.0,gaba,1.0,71
13A_put1,0.0,175.0,0.0,175.0,gaba,1.0,32
13B,0.0,439.0,0.0,439.0,gaba,1.0,97
13B_put1,0.0,6.0,0.0,6.0,gaba,1.0,3
14A,0.0,6.0,501.0,507.0,glutamate,0.9881656804733728,118
14B,0.0,18.0,21.0,39.0,glutamate,0.5384615384615384,13
14B_put1,0.0,4.0,4.0,8.0,gaba,0.5,4
15B,0.0,0.0,160.0,160.0,glutamate,1.0,15
16B,0.0,6.0,512.0,518.0,glutamate,0.9884169884169884,136
17A,377.0,0.0,10.0,387.0,acetylcholine,0.9741602067183462,111
17A_put1,8.0,0.0,0.0,8.0,acetylcholine,1.0,4
17A_put2,146.0,2.0,0.0,148.0,acetylcholine,0.9864864864864865,49
17A_put3,128.0,0.0,0.0,128.0,acetylcholine,1.0,46
17B,0.0,46.0,0.0,46.0,gaba,1.0,18
18B,182.0,0.0,0.0,182.0,acetylcholine,1.0,58
19A,60.0,535.0,1.0,596.0,gaba,0.8976510067114094,154
19B,570.0,0.0,0.0,570.0,acetylcholine,1.0,151
20A.22A,815.0,0.0,0.0,815.0,acetylcholine,1.0,124
20B.21B.22B,0.0,0.0,8.0,8.0,glutamate,1.0,1
21A,51.0,0.0,359.0,410.0,glutamate,0.875609756097561,102
23B,491.0,0.0,0.0,491.0,acetylcholine,1.0,122
23B_put1,98.0,0.0,0.0,98.0,acetylcholine,1.0,25
23B_put2,0.0,0.0,4.0,4.0,glutamate,1.0,2
24B.25B,0.0,0.0,43.0,43.0,glutamate,1.0,4
26X,0.0,16.0,0.0,16.0,gaba,1.0,3
27X,8.0,12.0,12.0,32.0,gaba,0.375,13
27X_put1,101.0,20.0,2.0,123.0,acetylcholine,0.8211382113821138,35
ALad1,132.0,0.0,0.0,132.0,acetylcholine,1.0,26
ALad1__prim,42.0,0.0,0.0,42.0,acetylcholine,1.0,18
ALlv1,150.0,0.0,10.0,160.0,acetylcholine,0.9375,39
ALv1,0.0,207.0,0.0,207.0,gaba,1.0,55
ALv2,38.0,0.0,101.0,139.0,glutamate,0.7266187050359713,28
AOTUv1_medial,0.0,52.0,0.0,52.0,gaba,1.0,19
AOTUv1_ventral,121.0,0.0,0.0,121.0,acetylcholine,1.0,29
AOTUv2,0.0,0.0,95.0,95.0,glutamate,1.0,16
AOTUv3_dorsal,212.0,0.0,0.0,212.0,acetylcholine,1.0,27
AOTUv3_ventral,0.0,0.0,182.0,182.0,glutamate,1.0,38
AOTUv4_dorsal,208.0,0.0,0.0,208.0,acetylcholine,1.0,35
AOTUv4_ventral,0.0,0.0,157.0,157.0,glutamate,1.0,44
CLp1,98.0,0.0,47.0,145.0,acetylcholine,0.6758620689655173,44
CLp1_or_SLPpm2,69.0,0.0,14.0,83.0,acetylcholine,0.8313253012048193,20
CLp2,0.0,0.0,85.0,85.0,glutamate,1.0,17
CREa1_dorsal,0.0,0.0,6.0,6.0,glutamate,1.0,3
CREa1_ventral,0.0,109.0,25.0,134.0,gaba,0.8134328358208955,32
CREa2_medial,0.0,0.0,2.0,2.0,glutamate,1.0,1
CREa2_ventral,175.0,0.0,0.0,175.0,acetylcholine,1.0,49
CREl1,143.0,0.0,0.0,143.0,acetylcholine,1.0,38
DL1_dorsal,213.0,0.0,127.0,340.0,acetylcholine,0.6264705882352941,80
DL1_ventral,268.0,112.0,0.0,380.0,acetylcholine,0.7052631578947368,93
DL2_dorsal,105.0,0.0,0.0,105.0,acetylcholine,1.0,25
DL2_ventral,41.0,0.0,0.0,41.0,acetylcholine,1.0,18
DM1_CX_d2,131.0,0.0,0.0,131.0,acetylcholine,1.0,40
DM1_CX_p,109.0,0.0,0.0,109.0,acetylcholine,1.0,36
DM1_CX_v,98.0,0.0,0.0,98.0,acetylcholine,1.0,32
DM1_antero_dorsal,129.0,0.0,0.0,129.0,acetylcholine,1.0,38
DM1_antero_ventral,0.0,0.0,141.0,141.0,glutamate,1.0,36
DM1_dorsal,127.0,0.0,0.0,127.0,acetylcholine,1.0,20
DM1_posterior,34.0,0.0,0.0,34.0,acetylcholine,1.0,17
DM2_CX_d1,80.0,0.0,0.0,80.0,acetylcholine,1.0,30
DM2_CX_d2,106.0,0.0,0.0,106.0,acetylcholine,1.0,41
DM2_CX_p,211.0,0.0,0.0,211.0,acetylcholine,1.0,36
DM2_CX_v,88.0,0.0,0.0,88.0,acetylcholine,1.0,25
DM2_central,0.0,65.0,1.0,66.0,gaba,0.9848484848484849,18
DM2_or_DM3_posterior,0.0,0.0,159.0,159.0,glutamate,1.0,35
DM3_CX_d1,76.0,0.0,0.0,76.0,acetylcholine,1.0,30
DM3_CX_d2,97.0,0.0,0.0,97.0,acetylcholine,1.0,40
DM3_CX_p,215.0,0.0,0.0,215.0,acetylcholine,1.0,35
DM3_CX_v,89.0,0.0,0.0,89.0,acetylcholine,1.0,27
DM3__prim,6.0,0.0,0.0,6.0,acetylcholine,1.0,3
DM3_dorso_lateral,121.0,0.0,0.0,121.0,acetylcholine,1.0,29
DM3_dorso_medial,54.0,0.0,0.0,54.0,acetylcholine,1.0,19
DM4_CX_d1,104.0,0.0,0.0,104.0,acetylcholine,1.0,35
DM4_CX_d2,114.0,0.0,0.0,114.0,acetylcholine,1.0,36
DM4_CX_d3,107.0,0.0,0.0,107.0,acetylcholine,1.0,38
DM4_CX_p,130.0,0.0,0.0,130.0,acetylcholine,1.0,35
DM4_CX_v,115.0,0.0,0.0,115.0,acetylcholine,1.0,27
DM4__prim,6.0,0.0,0.0,6.0,acetylcholine,1.0,3
DM4_dorsal,347.0,0.0,0.0,347.0,acetylcholine,1.0,114
DM4_ventral,139.0,0.0,0.0,139.0,acetylcholine,1.0,29
DM5_central,91.0,0.0,0.0,91.0,acetylcholine,1.0,28
DM5_ventral,102.0,0.0,0.0,102.0,acetylcholine,1.0,18
DM6_IbSpsP,31.0,0.0,0.0,31.0,acetylcholine,1.0,1
DM6_central1,151.0,0.0,0.0,151.0,acetylcholine,1.0,58
DM6_central1__prim,0.0,0.0,2.0,2.0,glutamate,1.0,1
DM6_central2,28.0,0.0,0.0,28.0,acetylcholine,1.0,14
DM6_dorso_lateral,172.0,0.0,0.0,172.0,acetylcholine,1.0,37
DM6_dorso_medial,0.0,0.0,61.0,61.0,glutamate,1.0,13
DM6_posterior,0.0,0.0,306.0,306.0,glutamate,1.0,64
DM6_ventral,131.0,0.0,0.0,131.0,acetylcholine,1.0,36
EBa1,0.0,435.0,0.0,435.0,gaba,1.0,64
FLAa1,0.0,20.0,0.0,20.0,gaba,1.0,11
FLAa2,158.0,0.0,4.0,162.0,acetylcholine,0.9753086419753086,40
FLAa3,97.0,0.0,12.0,109.0,acetylcholine,0.8899082568807339,17
LALa1_anterior,0.0,186.0,0.0,186.0,gaba,1.0,56
LALa1_posterior,173.0,0.0,0.0,173.0,acetylcholine,1.0,42
LALv1_ventral,122.0,67.0,0.0,189.0,acetylcholine,0.6455026455026455,49
LB3,0.0,2.0,0.0,2.0,gaba,1.0,1
LB6,2.0,0.0,0.0,2.0,acetylcholine,1.0,1
LB7__prim,0.0,2.0,4.0,6.0,glutamate,0.6666666666666666,3
LHa1,149.0,0.0,0.0,149.0,acetylcholine,1.0,39
LHa2,188.0,1.0,0.0,189.0,acetylcholine,0.9947089947089947,51
LHa3,179.0,0.0,4.0,183.0,acetylcholine,0.9781420765027322,44
LHd1,122.0,0.0,0.0,122.0,acetylcholine,1.0,35
LHd2,2.0,0.0,166.0,168.0,glutamate,0.9880952380952381,44
LHl1,0.0,164.0,3.0,167.0,gaba,0.9820359281437125,33
LHl2_dorsal,153.0,0.0,0.0,153.0,acetylcholine,1.0,28
LHl2_dorsal__prim,0.0,0.0,4.0,4.0,glutamate,1.0,1
LHl2_ventral,0.0,0.0,96.0,96.0,glutamate,1.0,24
LHl3,10.0,16.0,2.0,28.0,gaba,0.5714285714285714,12
LHl4_dorsal,0.0,162.0,4.0,166.0,gaba,0.9759036144578314,47
LHl4_posterior,169.0,0.0,0.0,169.0,acetylcholine,1.0,37
LHp1,0.0,0.0,204.0,204.0,glutamate,1.0,47
LHp2,369.0,0.0,0.0,369.0,acetylcholine,1.0,126
LHp3,70.0,0.0,0.0,70.0,acetylcholine,1.0,19
MBp1,996.0,0.0,0.0,996.0,acetylcholine,1.0,9
MBp2,1012.0,0.0,0.0,1012.0,acetylcholine,1.0,10
MBp3,1038.0,0.0,0.0,1038.0,acetylcholine,1.0,12
MBp4,1018.0,0.0,0.0,1018.0,acetylcholine,1.0,14
MD3,6.0,114.0,2.0,122.0,gaba,0.9344262295081968,36
MD_SA1,90.0,0.0,0.0,90.0,acetylcholine,1.0,21
MX0__prim,0.0,0.0,2.0,2.0,glutamate,1.0,1
MX12__prim,24.0,0.0,12.0,36.0,acetylcholine,0.6666666666666666,18
MX3,6.0,100.0,2.0,108.0,gaba,0.9259259259259259,50
PBp1,0.0,0.0,50.0,50.0,glutamate,1.0,3
PSa1,0.0,152.0,0.0,152.0,gaba,1.0,28
PSp1,0.0,0.0,63.0,63.0,glutamate,1.0,18
PSp2,151.0,0.0,0.0,151.0,acetylcholine,1.0,38
PSp3,188.0,0.0,6.0,194.0,acetylcholine,0.9690721649484536,53
SIPa1_dorsal,0.0,0.0,8.0,8.0,glutamate,1.0,4
SIPa1_ventral,2.0,0.0,188.0,190.0,glutamate,0.9894736842105263,48
SIPp1,0.0,0.0,77.0,77.0,glutamate,1.0,17
SLPa&l1_anterior,222.0,0.0,0.0,222.0,acetylcholine,1.0,58
SLPa&l1_lateral,2.0,0.0,221.0,223.0,glutamate,0.9910313901345291,31
SLPad1_anterior,196.0,0.0,0.0,196.0,acetylcholine,1.0,57
SLPad1_posterior,0.0,0.0,197.0,197.0,glutamate,1.0,43
SLPal1,0.0,0.0,185.0,185.0,glutamate,1.0,49
SLPal2,194.0,0.0,0.0,194.0,acetylcholine,1.0,34
SLPal3_and_SLPal4_dorsal,0.0,0.0,182.0,182.0,glutamate,1.0,44
SLPal5,2.0,0.0,98.0,100.0,glutamate,0.98,32
SLPav1_lateral,10.0,0.0,0.0,10.0,acetylcholine,1.0,2
SLPav1_medial,174.0,0.0,0.0,174.0,acetylcholine,1.0,37
SLPav2,7.0,0.0,194.0,201.0,glutamate,0.9651741293532339,46
SLPav3,0.0,49.0,28.0,77.0,gaba,0.6363636363636364,18
SLPp&v1_posterior,0.0,0.0,130.0,130.0,glutamate,1.0,27
SLPp&v1_ventral,2.0,0.0,16.0,18.0,glutamate,0.8888888888888888,8
SLPpl1,0.0,0.0,262.0,262.0,glutamate,1.0,61
SLPpl2,48.0,4.0,31.0,83.0,acetylcholine,0.5783132530120482,34
SLPpl3,0.0,0.0,112.0,112.0,glutamate,1.0,37
SLPpm1,0.0,0.0,180.0,180.0,glutamate,1.0,40
SLPpm2,0.0,0.0,92.0,92.0,glutamate,1.0,17
SLPpm3,116.0,0.0,0.0,116.0,acetylcholine,1.0,30
SMPad1,0.0,0.0,279.0,279.0,glutamate,1.0,45
SMPad2,12.0,16.0,289.0,317.0,glutamate,0.9116719242902208,79
SMPad3,0.0,0.0,143.0,143.0,glutamate,1.0,47
SMPad3__prim,0.0,0.0,2.0,2.0,glutamate,1.0,1
SMPp&v1_posterior,2.0,0.0,190.0,192.0,glutamate,0.9895833333333334,56
SMPpd1,166.0,0.0,6.0,172.0,acetylcholine,0.9651162790697675,39
SMPpd2,0.0,0.0,28.0,28.0,glutamate,1.0,9
TBD,639.0,492.0,83.0,1214.0,acetylcholine,0.5263591433278418,361
TRdl_a,2.0,14.0,0.0,16.0,gaba,0.875,7
TRdl_b,178.0,0.0,2.0,180.0,acetylcholine,0.9888888888888889,92
TRdm,0.0,138.0,0.0,138.0,gaba,1.0,44
VESa1,2.0,68.0,0.0,70.0,gaba,0.9714285714285714,26
VESa2,0.0,76.0,0.0,76.0,gaba,1.0,26
VLPa1_lateral,171.0,0.0,0.0,171.0,acetylcholine,1.0,46
VLPa1_medial,76.0,0.0,16.0,92.0,acetylcholine,0.8260869565217391,17
VLPa2,0.0,238.0,0.0,238.0,gaba,1.0,65
VLPd&p1_dorsal,6.0,0.0,116.0,122.0,glutamate,0.9508196721311475,24
VLPd&p1_posterior,208.0,0.0,2.0,210.0,acetylcholine,0.9904761904761905,59
VLPd1,131.0,0.0,2.0,133.0,acetylcholine,0.9849624060150376,31
VLPl&d1_dorsal,208.0,0.0,0.0,208.0,acetylcholine,1.0,64
VLPl&d1_lateral,211.0,0.0,0.0,211.0,acetylcholine,1.0,67
VLPl&p1_lateral,134.0,0.0,0.0,134.0,acetylcholine,1.0,43
VLPl&p1_posterior,230.0,0.0,0.0,230.0,acetylcholine,1.0,58
VLPl&p2_lateral,4.0,0.0,0.0,4.0,acetylcholine,1.0,1
VLPl&p2_posterior,170.0,0.0,0.0,170.0,acetylcholine,1.0,53
VLPl1_or_VLPl5,501.0,0.0,2.0,503.0,acetylcholine,0.9960238568588469,142
VLPl2_lateral,14.0,0.0,0.0,14.0,acetylcholine,1.0,7
VLPl2_medial,296.0,0.0,14.0,310.0,acetylcholine,0.9548387096774194,117
VLPl2_posterior,199.0,0.0,0.0,199.0,acetylcholine,1.0,45
VLPl4_anterior,12.0,87.0,0.0,99.0,gaba,0.8787878787878788,25
VLPl4_dorsal,0.0,79.0,15.0,94.0,gaba,0.8404255319148937,25
VLPp&l1__prim,20.0,0.0,0.0,20.0,acetylcholine,1.0,8
VLPp&l1_anterior,0.0,195.0,0.0,195.0,gaba,1.0,46
VLPp&l1_lateral,100.0,0.0,0.0,100.0,acetylcholine,1.0,7
VLPp&l1_posterior,6.0,82.0,0.0,88.0,gaba,0.9318181818181818,18
VLPp1,0.0,2.0,97.0,99.0,glutamate,0.9797979797979798,29
VPNd1,529.0,0.0,0.0,529.0,acetylcholine,1.0,5
VPNd2,949.0,0.0,4.0,953.0,acetylcholine,0.9958027282266527,7
VPNd3,343.0,0.0,0.0,343.0,acetylcholine,1.0,2
VPNl&d1_dorsal,153.0,0.0,0.0,153.0,acetylcholine,1.0,26
VPNl&d1_medial,0.0,0.0,22.0,22.0,glutamate,1.0,1
VPNp&v1_posterior,127.0,223.0,10.0,360.0,gaba,0.6194444444444445,72
VPNp&v1_ventral,0.0,0.0,121.0,121.0,glutamate,1.0,26
VPNp1_lateral,149.0,0.0,0.0,149.0,acetylcholine,1.0,8
VPNp1_medial,99.0,0.0,0.0,99.0,acetylcholine,1.0,13
VPNp2,208.0,0.0,0.0,208.0,acetylcholine,1.0,1
VPNp3,296.0,0.0,0.0,296.0,acetylcholine,1.0,2
VPNv1,353.0,0.0,0.0,353.0,acetylcholine,1.0,1
VPNv2,182.0,0.0,0.0,182.0,acetylcholine,1.0,1
WEDa2,12.0,183.0,0.0,195.0,gaba,0.9384615384615385,37
WEDd1,197.0,2.0,0.0,199.0,acetylcholine,0.9899497487437185,52
WEDd2,0.0,59.0,6.0,65.0,gaba,0.9076923076923077,21
no_lineage,26.0,162.0,4.0,192.0,gaba,0.84375,10
primary,10.0,18.0,4.0,32.0,gaba,0.5625,14
putative_primary,1706.0,869.0,865.0,3440.0,acetylcholine,0.49593023255813956,1544
