replicate,n_active_mn,oscillation_score_mn,oscillation_freq_hz_mn,mn_peak_rate_median_hz,freq_hz
0,64,0.026,1.31,87.4,0.0
1,76,0.049,1.54,101.1,0.0
2,64,0.091,0.84,77.6,0.0
3,73,0.017,2.15,66.7,0.0
4,71,0.025,1.68,80.0,0.0
5,67,0.033,1.74,76.4,0.0
6,69,0.056,1.25,82.7,0.0
0,65,0.048,2.09,92.1,10.0
1,74,0.051,1.96,100.9,10.0
2,69,0.09,1.13,74.6,10.0
3,72,0.032,2.44,59.6,10.0
4,73,0.026,1.7,66.6,10.0
0,72,0.051,1.86,81.1,12.0
1,72,0.051,1.38,97.0,12.0
2,70,0.079,1.63,59.9,12.0
3,73,0.028,3.06,54.5,12.0
4,70,0.031,1.93,84.2,12.0
0,66,0.031,2.51,88.3,15.0
1,68,0.031,1.9,84.8,15.0
2,64,0.084,0.87,79.7,15.0
3,72,0.031,2.47,60.4,15.0
4,70,0.029,1.91,84.2,15.0
5,63,0.03,1.83,83.8,15.0
0,63,0.088,1.77,89.3,2.0
1,48,0.043,1.05,39.8,2.0
2,50,0.04,1.03,46.7,2.0
3,68,0.1,1.76,82.7,2.0
4,72,0.067,1.4,61.8,2.0
0,63,0.02,2.6,86.8,20.0
1,75,0.059,1.58,99.9,20.0
2,65,0.082,0.86,78.1,20.0
3,75,0.021,2.61,61.4,20.0
4,72,0.031,2.06,88.7,20.0
5,64,0.029,1.62,84.4,20.0
0,73,0.055,2.6,83.5,5.0
1,81,0.079,0.97,85.6,5.0
2,62,0.017,2.64,59.9,5.0
3,75,0.072,2.88,75.7,5.0
4,73,0.073,2.78,83.1,5.0
0,65,0.043,2.09,83.5,8.0
1,74,0.07,1.68,100.2,8.0
2,67,0.086,1.73,74.7,8.0
3,72,0.039,2.71,67.1,8.0
4,72,0.055,2.35,106.3,8.0
