replicate,n_active,n_active_mn,oscillation_score_mn,oscillation_freq_hz_mn,scale
0,1,0,0.0,0.0,0.01
1,2,0,0.0,0.0,0.01
2,1,0,0.0,0.0,0.01
3,3,0,0.0,0.0,0.01
4,2,0,0.0,0.0,0.01
5,3,0,0.0,0.0,0.01
6,2,0,0.0,0.0,0.01
7,3,0,0.0,0.0,0.01
0,12,0,0.0,0.0,0.015
1,12,0,0.0,0.0,0.015
2,9,0,0.0,0.0,0.015
3,14,0,0.0,0.0,0.015
4,14,0,0.0,0.0,0.015
5,13,0,0.0,0.0,0.015
6,11,0,0.0,0.0,0.015
7,13,0,0.0,0.0,0.015
0,23,0,0.0,0.0,0.02
1,21,0,0.0,0.0,0.02
2,17,0,0.0,0.0,0.02
3,22,0,0.0,0.0,0.02
4,24,0,0.0,0.0,0.02
5,24,0,0.0,0.0,0.02
6,19,0,0.0,0.0,0.02
7,30,0,0.0,0.0,0.02
0,97,3,0.813,9.47,0.03
1,109,5,0.592,10.44,0.03
2,78,2,0.889,10.31,0.03
3,87,3,0.934,11.49,0.03
0,172,7,0.652,10.78,0.045
1,189,10,0.481,9.21,0.045
2,167,7,0.557,10.34,0.045
0,1740,83,0.153,0.77,0.09
