group,n_cells,superclass,cls,subclass,entry_nerves,sides,modality,organ,physical_variable,transduction_family,parameter_source,implemented,variable_basis,parameters_basis
SNch10,81,vnc_sensory,chemosensory,leg,MetaLN;ProLN,?81,chemosensation,body chemosensor,unknown chemical,unknown,none,none,inferred,unknown
SNch01,35,vnc_sensory,chemosensory,abdomen,AbN2;AbN3;AbN4;AbNT,?35,chemosensation,body chemosensor,unknown chemical,unknown,none,none,inferred,unknown
untyped:chemosensory/leg,7,vnc_sensory,chemosensory,leg,MesoLN;ProLN,?7,chemosensation,body chemosensor,unknown chemical,unknown,none,none,inferred,unknown
untyped:chemosensory/abdomen,2,vnc_sensory,chemosensory,abdomen,AbN4,?2,chemosensation,body chemosensor,unknown chemical,unknown,none,none,inferred,unknown
untyped:chemosensory/?,1,sensory_ascending,chemosensory,,,?1,chemosensation,body chemosensor,unknown chemical,unknown,none,none,inferred,unknown
HRN_VP4,28,cb_sensory,hygrosensory,,AN,?28,hygrosensation,sacculus / arista,relative humidity,dry/moist opponent cells,Enjin 2016; Knecht 2016,none,derived,inferred
HRN_VP1d,18,cb_sensory,hygrosensory,,AN,?18,hygrosensation,sacculus / arista,relative humidity,dry/moist opponent cells,Enjin 2016; Knecht 2016,none,derived,inferred
HRN_VP5,12,cb_sensory,hygrosensory,,AN,?12,hygrosensation,sacculus / arista,relative humidity,dry/moist opponent cells,Enjin 2016; Knecht 2016,none,derived,inferred
HRN_VP1l,8,cb_sensory,hygrosensory,,AN,?8,hygrosensation,sacculus / arista,relative humidity,dry/moist opponent cells,Enjin 2016; Knecht 2016,none,derived,inferred
JO-unclear,102,cb_sensory,mechanosensory,wind_gravity,AN,?102,mechanosensation,Johnston's organ C/E,"antennal a2-a3 sustained deflection (wind, gravity)",deflection tuning,Kamikouchi 2009; Yorozu 2009,none,derived,inferred
JO-FV,70,cb_sensory,mechanosensory,wind_gravity,AN,?70,mechanosensation,Johnston's organ C/E,"antennal a2-a3 sustained deflection (wind, gravity)",deflection tuning,Kamikouchi 2009; Yorozu 2009,none,derived,inferred
JO-EV1,50,cb_sensory,mechanosensory,wind_gravity,AN,?50,mechanosensation,Johnston's organ C/E,"antennal a2-a3 sustained deflection (wind, gravity)",deflection tuning,Kamikouchi 2009; Yorozu 2009,none,derived,inferred
TPMN1,48,cb_sensory,mechanosensory,,MxLbN,?48,mechanosensation,taste peg mechanosensory neuron,labellar taste-peg deflection (food contact/texture),phasic deflection,Zhou 2019 (unverified),none,derived,inferred
JO-EV3,45,cb_sensory,mechanosensory,wind_gravity,AN,?45,mechanosensation,Johnston's organ C/E,"antennal a2-a3 sustained deflection (wind, gravity)",deflection tuning,Kamikouchi 2009; Yorozu 2009,none,derived,inferred
JO-ED2_a,38,cb_sensory,mechanosensory,wind_gravity,AN,?38,mechanosensation,Johnston's organ C/E,"antennal a2-a3 sustained deflection (wind, gravity)",deflection tuning,Kamikouchi 2009; Yorozu 2009,none,derived,inferred
JO-EV2,36,cb_sensory,mechanosensory,wind_gravity,AN,?36,mechanosensation,Johnston's organ C/E,"antennal a2-a3 sustained deflection (wind, gravity)",deflection tuning,Kamikouchi 2009; Yorozu 2009,none,derived,inferred
JO-CM,30,cb_sensory,mechanosensory,wind_gravity,AN,?30,mechanosensation,Johnston's organ C/E,"antennal a2-a3 sustained deflection (wind, gravity)",deflection tuning,Kamikouchi 2009; Yorozu 2009,none,derived,inferred
untyped:mechanosensory/?,28,cb_sensory,mechanosensory,,AN;ON,?28,mechanosensation,"mechanosensor, organ unassigned",unknown mechanical variable,unknown,none,none,inferred,unknown
JO-A-unclear,24,cb_sensory,mechanosensory,auditory,AN,?24,mechanosensation,Johnston's organ A/B,antennal vibration (near-field sound),band-pass deflection,Kamikouchi 2009; Matsuo 2014,none,derived,inferred
JO-EV5,23,cb_sensory,mechanosensory,wind_gravity,AN,?23,mechanosensation,Johnston's organ C/E,"antennal a2-a3 sustained deflection (wind, gravity)",deflection tuning,Kamikouchi 2009; Yorozu 2009,none,derived,inferred
JO-ED2_b,21,cb_sensory,mechanosensory,wind_gravity,AN,?21,mechanosensation,Johnston's organ C/E,"antennal a2-a3 sustained deflection (wind, gravity)",deflection tuning,Kamikouchi 2009; Yorozu 2009,none,derived,inferred
JO-EV6,21,cb_sensory,mechanosensory,wind_gravity,AN,?21,mechanosensation,Johnston's organ C/E,"antennal a2-a3 sustained deflection (wind, gravity)",deflection tuning,Kamikouchi 2009; Yorozu 2009,none,derived,inferred
aPhM1,21,cb_sensory,mechanosensory,pharyngeal sensillum,aPhN,?21,mechanosensation,pharyngeal mechanosensor,food flow / pharyngeal stretch,unknown,none,none,derived,unknown
JO-CL,19,cb_sensory,mechanosensory,wind_gravity,AN,?19,mechanosensation,Johnston's organ C/E,"antennal a2-a3 sustained deflection (wind, gravity)",deflection tuning,Kamikouchi 2009; Yorozu 2009,none,derived,inferred
JO-ED1,18,cb_sensory,mechanosensory,wind_gravity,AN,?18,mechanosensation,Johnston's organ C/E,"antennal a2-a3 sustained deflection (wind, gravity)",deflection tuning,Kamikouchi 2009; Yorozu 2009,none,derived,inferred
JO-B1_a,17,cb_sensory,mechanosensory,wind_gravity,AN,?17,mechanosensation,Johnston's organ C/E,"antennal a2-a3 sustained deflection (wind, gravity)",deflection tuning,Kamikouchi 2009; Yorozu 2009,none,derived,inferred
JO-ED2_c,14,cb_sensory,mechanosensory,wind_gravity,AN,?14,mechanosensation,Johnston's organ C/E,"antennal a2-a3 sustained deflection (wind, gravity)",deflection tuning,Kamikouchi 2009; Yorozu 2009,none,derived,inferred
JO-A2,13,cb_sensory,mechanosensory,auditory,AN,?13,mechanosensation,Johnston's organ A/B,antennal vibration (near-field sound),band-pass deflection,Kamikouchi 2009; Matsuo 2014,none,derived,inferred
JO-B-unclear,13,cb_sensory,mechanosensory,auditory,AN,?13,mechanosensation,Johnston's organ A/B,antennal vibration (near-field sound),band-pass deflection,Kamikouchi 2009; Matsuo 2014,none,derived,inferred
JO-B1_b,12,cb_sensory,mechanosensory,auditory,AN,?12,mechanosensation,Johnston's organ A/B,antennal vibration (near-field sound),band-pass deflection,Kamikouchi 2009; Matsuo 2014,none,derived,inferred
JO-B3,12,cb_sensory,mechanosensory,wind_gravity,AN,?12,mechanosensation,Johnston's organ C/E,"antennal a2-a3 sustained deflection (wind, gravity)",deflection tuning,Kamikouchi 2009; Yorozu 2009,none,derived,inferred
JO-B4_b,12,cb_sensory,mechanosensory,wind_gravity,AN,?12,mechanosensation,Johnston's organ C/E,"antennal a2-a3 sustained deflection (wind, gravity)",deflection tuning,Kamikouchi 2009; Yorozu 2009,none,derived,inferred
TPMN2,12,cb_sensory,mechanosensory,,MxLbN,?12,mechanosensation,taste peg mechanosensory neuron,labellar taste-peg deflection (food contact/texture),phasic deflection,Zhou 2019 (unverified),none,derived,inferred
JO-mz,11,cb_sensory,mechanosensory,,AN,?11,mechanosensation,Johnston's organ,antennal a2-a3 deflection,deflection tuning,Kamikouchi 2009,none,derived,inferred
JO-B1_c,10,cb_sensory,mechanosensory,auditory,AN,?10,mechanosensation,Johnston's organ A/B,antennal vibration (near-field sound),band-pass deflection,Kamikouchi 2009; Matsuo 2014,none,derived,inferred
JO-CA1,10,cb_sensory,mechanosensory,wind_gravity,AN,?10,mechanosensation,Johnston's organ C/E,"antennal a2-a3 sustained deflection (wind, gravity)",deflection tuning,Kamikouchi 2009; Yorozu 2009,none,derived,inferred
JO-B2,9,cb_sensory,mechanosensory,wind_gravity,AN,?9,mechanosensation,Johnston's organ C/E,"antennal a2-a3 sustained deflection (wind, gravity)",deflection tuning,Kamikouchi 2009; Yorozu 2009,none,derived,inferred
JO-CA2,9,cb_sensory,mechanosensory,auditory,AN,?9,mechanosensation,Johnston's organ A/B,antennal vibration (near-field sound),band-pass deflection,Kamikouchi 2009; Matsuo 2014,none,derived,inferred
JO-A1,8,cb_sensory,mechanosensory,auditory,AN,?8,mechanosensation,Johnston's organ A/B,antennal vibration (near-field sound),band-pass deflection,Kamikouchi 2009; Matsuo 2014,none,derived,inferred
JO-DA,5,cb_sensory,mechanosensory,wind_gravity,AN,?5,mechanosensation,Johnston's organ C/E,"antennal a2-a3 sustained deflection (wind, gravity)",deflection tuning,Kamikouchi 2009; Yorozu 2009,none,derived,inferred
aPhM2a,5,cb_sensory,mechanosensory,pharyngeal sensillum,aPhN,?5,mechanosensation,pharyngeal mechanosensor,food flow / pharyngeal stretch,unknown,none,none,derived,unknown
aPhM3,5,cb_sensory,mechanosensory,pharyngeal sensillum,aPhN,?5,mechanosensation,pharyngeal mechanosensor,food flow / pharyngeal stretch,unknown,none,none,derived,unknown
JO-FD1,4,cb_sensory,mechanosensory,grooming,AN,?4,mechanosensation,Johnston's organ,antennal a2-a3 deflection,deflection tuning,Kamikouchi 2009,none,derived,inferred
JO-FD2,4,cb_sensory,mechanosensory,wind_gravity,AN,?4,mechanosensation,Johnston's organ C/E,"antennal a2-a3 sustained deflection (wind, gravity)",deflection tuning,Kamikouchi 2009; Yorozu 2009,none,derived,inferred
aPhM5,4,cb_sensory,mechanosensory,pharyngeal sensillum,aPhN,?4,mechanosensation,pharyngeal mechanosensor,food flow / pharyngeal stretch,unknown,none,none,derived,unknown
JO-A4,3,cb_sensory,mechanosensory,auditory,AN,?3,mechanosensation,Johnston's organ A/B,antennal vibration (near-field sound),band-pass deflection,Kamikouchi 2009; Matsuo 2014,none,derived,inferred
JO-B4_a,3,cb_sensory,mechanosensory,wind_gravity,AN,?3,mechanosensation,Johnston's organ C/E,"antennal a2-a3 sustained deflection (wind, gravity)",deflection tuning,Kamikouchi 2009; Yorozu 2009,none,derived,inferred
JO-DP,3,cb_sensory,mechanosensory,wind_gravity,AN,?3,mechanosensation,Johnston's organ C/E,"antennal a2-a3 sustained deflection (wind, gravity)",deflection tuning,Kamikouchi 2009; Yorozu 2009,none,derived,inferred
GNG642,2,cb_sensory,mechanosensory,,MxLbN,?2,mechanosensation,"mechanosensor, organ unassigned",unknown mechanical variable,unknown,none,none,inferred,unknown
JO-A3,2,cb_sensory,mechanosensory,auditory,AN,?2,mechanosensation,Johnston's organ A/B,antennal vibration (near-field sound),band-pass deflection,Kamikouchi 2009; Matsuo 2014,none,derived,inferred
aPhM2b,2,cb_sensory,mechanosensory,pharyngeal sensillum,aPhN,?2,mechanosensation,pharyngeal mechanosensor,food flow / pharyngeal stretch,unknown,none,none,derived,unknown
aPhM4,2,cb_sensory,mechanosensory,pharyngeal sensillum,aPhN,?2,mechanosensation,pharyngeal mechanosensor,food flow / pharyngeal stretch,unknown,none,none,derived,unknown
JO-EV4,1,cb_sensory,mechanosensory,wind_gravity,AN,?1,mechanosensation,Johnston's organ C/E,"antennal a2-a3 sustained deflection (wind, gravity)",deflection tuning,Kamikouchi 2009; Yorozu 2009,none,derived,inferred
ORN_DA1,204,cb_sensory,olfactory,,AN,?204,olfaction,antenna / maxillary palp ORN,odorant concentrations (receptor-specific),receptor tuning + adaptation,DoOR; Hallem & Carlson 2006; Nagel & Wilson 2011,none,derived,inferred
ORN_VA1d,132,cb_sensory,olfactory,,AN,?132,olfaction,antenna / maxillary palp ORN,odorant concentrations (receptor-specific),receptor tuning + adaptation,DoOR; Hallem & Carlson 2006; Nagel & Wilson 2011,none,derived,inferred
ORN_VA1v,130,cb_sensory,olfactory,,AN,?130,olfaction,antenna / maxillary palp ORN,odorant concentrations (receptor-specific),receptor tuning + adaptation,DoOR; Hallem & Carlson 2006; Nagel & Wilson 2011,none,derived,inferred
ORN_DL3,103,cb_sensory,olfactory,,AN,?103,olfaction,antenna / maxillary palp ORN,odorant concentrations (receptor-specific),receptor tuning + adaptation,DoOR; Hallem & Carlson 2006; Nagel & Wilson 2011,none,derived,inferred
ORN_VL2a,98,cb_sensory,olfactory,,AN,?98,olfaction,antenna / maxillary palp ORN,odorant concentrations (receptor-specific),receptor tuning + adaptation,DoOR; Hallem & Carlson 2006; Nagel & Wilson 2011,none,derived,inferred
ORN_VM5d,84,cb_sensory,olfactory,,AN,?84,olfaction,antenna / maxillary palp ORN,odorant concentrations (receptor-specific),receptor tuning + adaptation,DoOR; Hallem & Carlson 2006; Nagel & Wilson 2011,none,derived,inferred
ORN_DL1,83,cb_sensory,olfactory,,AN,?83,olfaction,antenna / maxillary palp ORN,odorant concentrations (receptor-specific),receptor tuning + adaptation,DoOR; Hallem & Carlson 2006; Nagel & Wilson 2011,none,derived,inferred
ORN_VA2,83,cb_sensory,olfactory,,AN,?83,olfaction,antenna / maxillary palp ORN,odorant concentrations (receptor-specific),receptor tuning + adaptation,DoOR; Hallem & Carlson 2006; Nagel & Wilson 2011,none,derived,inferred
ORN_VL1,82,cb_sensory,olfactory,,AN,?82,olfaction,antenna / maxillary palp ORN,odorant concentrations (receptor-specific),receptor tuning + adaptation,DoOR; Hallem & Carlson 2006; Nagel & Wilson 2011,none,derived,inferred
ORN_VM4,78,cb_sensory,olfactory,,AN,?78,olfaction,antenna / maxillary palp ORN,odorant concentrations (receptor-specific),receptor tuning + adaptation,DoOR; Hallem & Carlson 2006; Nagel & Wilson 2011,none,derived,inferred
ORN_DM1,74,cb_sensory,olfactory,,AN,?74,olfaction,antenna / maxillary palp ORN,odorant concentrations (receptor-specific),receptor tuning + adaptation,DoOR; Hallem & Carlson 2006; Nagel & Wilson 2011,none,derived,inferred
ORN_DM3,63,cb_sensory,olfactory,,AN,?63,olfaction,antenna / maxillary palp ORN,odorant concentrations (receptor-specific),receptor tuning + adaptation,DoOR; Hallem & Carlson 2006; Nagel & Wilson 2011,none,derived,inferred
ORN_VA6,63,cb_sensory,olfactory,,AN,?63,olfaction,antenna / maxillary palp ORN,odorant concentrations (receptor-specific),receptor tuning + adaptation,DoOR; Hallem & Carlson 2006; Nagel & Wilson 2011,none,derived,inferred
ORN_DL4,62,cb_sensory,olfactory,,AN,?62,olfaction,antenna / maxillary palp ORN,odorant concentrations (receptor-specific),receptor tuning + adaptation,DoOR; Hallem & Carlson 2006; Nagel & Wilson 2011,none,derived,inferred
ORN_DM6,58,cb_sensory,olfactory,,AN,?58,olfaction,antenna / maxillary palp ORN,odorant concentrations (receptor-specific),receptor tuning + adaptation,DoOR; Hallem & Carlson 2006; Nagel & Wilson 2011,none,derived,inferred
ORN_V,55,cb_sensory,olfactory,,AN,?55,olfaction,antenna ab1C,CO2 concentration,receptor dose-response,Jones 2007; Suh 2004,none,derived,inferred
ORN_DM2,54,cb_sensory,olfactory,,AN,?54,olfaction,antenna / maxillary palp ORN,odorant concentrations (receptor-specific),receptor tuning + adaptation,DoOR; Hallem & Carlson 2006; Nagel & Wilson 2011,none,derived,inferred
ORN_DA2,48,cb_sensory,olfactory,,AN,?48,olfaction,antenna / maxillary palp ORN,odorant concentrations (receptor-specific),receptor tuning + adaptation,DoOR; Hallem & Carlson 2006; Nagel & Wilson 2011,none,derived,inferred
ORN_VL2p,45,cb_sensory,olfactory,,AN,?45,olfaction,antenna / maxillary palp ORN,odorant concentrations (receptor-specific),receptor tuning + adaptation,DoOR; Hallem & Carlson 2006; Nagel & Wilson 2011,none,derived,inferred
ORN_DL5,43,cb_sensory,olfactory,,AN,?43,olfaction,antenna / maxillary palp ORN,odorant concentrations (receptor-specific),receptor tuning + adaptation,DoOR; Hallem & Carlson 2006; Nagel & Wilson 2011,none,derived,inferred
ORN_VM3,43,cb_sensory,olfactory,,AN,?43,olfaction,antenna / maxillary palp ORN,odorant concentrations (receptor-specific),receptor tuning + adaptation,DoOR; Hallem & Carlson 2006; Nagel & Wilson 2011,none,derived,inferred
ORN_VM2,41,cb_sensory,olfactory,,AN,?41,olfaction,antenna / maxillary palp ORN,odorant concentrations (receptor-specific),receptor tuning + adaptation,DoOR; Hallem & Carlson 2006; Nagel & Wilson 2011,none,derived,inferred
ORN_VC4,38,cb_sensory,olfactory,,AN,?38,olfaction,antenna / maxillary palp ORN,odorant concentrations (receptor-specific),receptor tuning + adaptation,DoOR; Hallem & Carlson 2006; Nagel & Wilson 2011,none,derived,inferred
ORN_VM7d,36,cb_sensory,olfactory,,MxLbN,?36,olfaction,antenna / maxillary palp ORN,odorant concentrations (receptor-specific),receptor tuning + adaptation,DoOR; Hallem & Carlson 2006; Nagel & Wilson 2011,none,derived,inferred
ORN_DA4m,35,cb_sensory,olfactory,,AN,?35,olfaction,antenna / maxillary palp ORN,odorant concentrations (receptor-specific),receptor tuning + adaptation,DoOR; Hallem & Carlson 2006; Nagel & Wilson 2011,none,derived,inferred
ORN_DC3,35,cb_sensory,olfactory,,AN,?35,olfaction,antenna / maxillary palp ORN,odorant concentrations (receptor-specific),receptor tuning + adaptation,DoOR; Hallem & Carlson 2006; Nagel & Wilson 2011,none,derived,inferred
ORN_DM5,35,cb_sensory,olfactory,,AN,?35,olfaction,antenna / maxillary palp ORN,odorant concentrations (receptor-specific),receptor tuning + adaptation,DoOR; Hallem & Carlson 2006; Nagel & Wilson 2011,none,derived,inferred
ORN_DA3,34,cb_sensory,olfactory,,AN,?34,olfaction,antenna / maxillary palp ORN,odorant concentrations (receptor-specific),receptor tuning + adaptation,DoOR; Hallem & Carlson 2006; Nagel & Wilson 2011,none,derived,inferred
ORN_VA4,34,cb_sensory,olfactory,,MxLbN,?34,olfaction,antenna / maxillary palp ORN,odorant concentrations (receptor-specific),receptor tuning + adaptation,DoOR; Hallem & Carlson 2006; Nagel & Wilson 2011,none,derived,inferred
ORN_VC3,34,cb_sensory,olfactory,,AN,?34,olfaction,antenna / maxillary palp ORN,odorant concentrations (receptor-specific),receptor tuning + adaptation,DoOR; Hallem & Carlson 2006; Nagel & Wilson 2011,none,derived,inferred
ORN_VM5v,34,cb_sensory,olfactory,,AN,?34,olfaction,antenna / maxillary palp ORN,odorant concentrations (receptor-specific),receptor tuning + adaptation,DoOR; Hallem & Carlson 2006; Nagel & Wilson 2011,none,derived,inferred
ORN_VM6v,34,cb_sensory,olfactory,,AN,?34,olfaction,antenna / maxillary palp ORN,odorant concentrations (receptor-specific),receptor tuning + adaptation,DoOR; Hallem & Carlson 2006; Nagel & Wilson 2011,none,derived,inferred
ORN_DA4l,33,cb_sensory,olfactory,,AN,?33,olfaction,antenna / maxillary palp ORN,odorant concentrations (receptor-specific),receptor tuning + adaptation,DoOR; Hallem & Carlson 2006; Nagel & Wilson 2011,none,derived,inferred
ORN_DP1l,33,cb_sensory,olfactory,,AN,?33,olfaction,antenna / maxillary palp ORN,odorant concentrations (receptor-specific),receptor tuning + adaptation,DoOR; Hallem & Carlson 2006; Nagel & Wilson 2011,none,derived,inferred
ORN_VM1,33,cb_sensory,olfactory,,AN,?33,olfaction,antenna / maxillary palp ORN,odorant concentrations (receptor-specific),receptor tuning + adaptation,DoOR; Hallem & Carlson 2006; Nagel & Wilson 2011,none,derived,inferred
ORN_DC1,32,cb_sensory,olfactory,,AN,?32,olfaction,antenna / maxillary palp ORN,odorant concentrations (receptor-specific),receptor tuning + adaptation,DoOR; Hallem & Carlson 2006; Nagel & Wilson 2011,none,derived,inferred
ORN_DM4,32,cb_sensory,olfactory,,AN,?32,olfaction,antenna / maxillary palp ORN,odorant concentrations (receptor-specific),receptor tuning + adaptation,DoOR; Hallem & Carlson 2006; Nagel & Wilson 2011,none,derived,inferred
ORN_VC2,32,cb_sensory,olfactory,,MxLbN,?32,olfaction,antenna / maxillary palp ORN,odorant concentrations (receptor-specific),receptor tuning + adaptation,DoOR; Hallem & Carlson 2006; Nagel & Wilson 2011,none,derived,inferred
ORN_DP1m,31,cb_sensory,olfactory,,AN,?31,olfaction,antenna / maxillary palp ORN,odorant concentrations (receptor-specific),receptor tuning + adaptation,DoOR; Hallem & Carlson 2006; Nagel & Wilson 2011,none,derived,inferred
ORN_VC5,31,cb_sensory,olfactory,,AN,?31,olfaction,antenna / maxillary palp ORN,odorant concentrations (receptor-specific),receptor tuning + adaptation,DoOR; Hallem & Carlson 2006; Nagel & Wilson 2011,none,derived,inferred
ORN_VA3,30,cb_sensory,olfactory,,AN,?30,olfaction,antenna / maxillary palp ORN,odorant concentrations (receptor-specific),receptor tuning + adaptation,DoOR; Hallem & Carlson 2006; Nagel & Wilson 2011,none,derived,inferred
ORN_VA7l,29,cb_sensory,olfactory,,AN;MxLbN,?29,olfaction,antenna / maxillary palp ORN,odorant concentrations (receptor-specific),receptor tuning + adaptation,DoOR; Hallem & Carlson 2006; Nagel & Wilson 2011,none,derived,inferred
ORN_VC1,29,cb_sensory,olfactory,,MxLbN,?29,olfaction,antenna / maxillary palp ORN,odorant concentrations (receptor-specific),receptor tuning + adaptation,DoOR; Hallem & Carlson 2006; Nagel & Wilson 2011,none,derived,inferred
ORN_D,28,cb_sensory,olfactory,,AN,?28,olfaction,antenna / maxillary palp ORN,odorant concentrations (receptor-specific),receptor tuning + adaptation,DoOR; Hallem & Carlson 2006; Nagel & Wilson 2011,none,derived,inferred
ORN_VM6m,25,cb_sensory,olfactory,,AN,?25,olfaction,antenna / maxillary palp ORN,odorant concentrations (receptor-specific),receptor tuning + adaptation,DoOR; Hallem & Carlson 2006; Nagel & Wilson 2011,none,derived,inferred
ORN_VM7v,25,cb_sensory,olfactory,,MxLbN,?25,olfaction,antenna / maxillary palp ORN,odorant concentrations (receptor-specific),receptor tuning + adaptation,DoOR; Hallem & Carlson 2006; Nagel & Wilson 2011,none,derived,inferred
ORN_VA7m,24,cb_sensory,olfactory,,AN,?24,olfaction,antenna / maxillary palp ORN,odorant concentrations (receptor-specific),receptor tuning + adaptation,DoOR; Hallem & Carlson 2006; Nagel & Wilson 2011,none,derived,inferred
ORN_DC4,23,cb_sensory,olfactory,,AN,?23,olfaction,antenna / maxillary palp ORN,odorant concentrations (receptor-specific),receptor tuning + adaptation,DoOR; Hallem & Carlson 2006; Nagel & Wilson 2011,none,derived,inferred
ORN_DL2v,23,cb_sensory,olfactory,,AN,?23,olfaction,antenna / maxillary palp ORN,odorant concentrations (receptor-specific),receptor tuning + adaptation,DoOR; Hallem & Carlson 2006; Nagel & Wilson 2011,none,derived,inferred
ORN_DC2,22,cb_sensory,olfactory,,AN,?22,olfaction,antenna / maxillary palp ORN,odorant concentrations (receptor-specific),receptor tuning + adaptation,DoOR; Hallem & Carlson 2006; Nagel & Wilson 2011,none,derived,inferred
ORN_VA5,16,cb_sensory,olfactory,,AN,?16,olfaction,antenna / maxillary palp ORN,odorant concentrations (receptor-specific),receptor tuning + adaptation,DoOR; Hallem & Carlson 2006; Nagel & Wilson 2011,none,derived,inferred
ORN_DL2d,15,cb_sensory,olfactory,,AN,?15,olfaction,antenna / maxillary palp ORN,odorant concentrations (receptor-specific),receptor tuning + adaptation,DoOR; Hallem & Carlson 2006; Nagel & Wilson 2011,none,derived,inferred
ORN_VM6l,14,cb_sensory,olfactory,,AN,?14,olfaction,antenna / maxillary palp ORN,odorant concentrations (receptor-specific),receptor tuning + adaptation,DoOR; Hallem & Carlson 2006; Nagel & Wilson 2011,none,derived,inferred
untyped:olfactory/?,4,cb_sensory,olfactory,,AN,?4,olfaction,antenna / maxillary palp ORN,odorant concentrations (receptor-specific),receptor tuning + adaptation,DoOR; Hallem & Carlson 2006; Nagel & Wilson 2011,none,derived,inferred
SApp,148,sensory_ascending,mechanosensory_proprioceptive,haltere,DMetaN,?148,proprioception,haltere campaniforms,"haltere base strain (Coriolis, body rotation)",phase-locked strain,Dickinson 1999; Fayyazuddin & Dickinson,none,derived,inferred
SNppxx,80,vnc_sensory,mechanosensory_proprioceptive,leg,MesoLN;MetaLN;ProAN;ProLN,?80,proprioception,"leg proprioceptor, organ unassigned",joint angle/load (organ unknown),unknown,none,none,inferred,unknown
"SApp09,SApp22",74,sensory_ascending,mechanosensory_proprioceptive,campaniform sensilla,DMetaN,?74,proprioception,campaniform sensilla,cuticular strain (load),strain transduction,Dinges 2021; Zill,driven as load,derived,inferred
untyped:mechanosensory_proprioceptive/leg,66,vnc_sensory,mechanosensory_proprioceptive,leg,MesoLN;MetaLN;ProAN;ProLN,?66,proprioception,"leg proprioceptor, organ unassigned",joint angle/load (organ unknown),unknown,none,none,inferred,unknown
SNpp50,62,vnc_sensory,mechanosensory_proprioceptive,chordotonal organ,MesoLN;MetaLN;ProLN,?62,proprioception,leg chordotonal organ,joint angle and velocity (claw/hook/club),angle/velocity tuning,"Mamiya 2018, 2023",driven as joint_angle_velocity,derived,inferred
SNpp45,53,vnc_sensory,mechanosensory_proprioceptive,hair plate,MesoLN;MetaLN;ProLN;VProN,?53,proprioception,hair plate,joint angle near limit,threshold deflection,Pratt 2023 (unverified),driven as joint_angle,derived,inferred
SApp08,47,vnc_sensory,mechanosensory_proprioceptive,campaniform sensilla,DMetaN,?47,proprioception,campaniform sensilla,cuticular strain (load),strain transduction,Dinges 2021; Zill,driven as load,derived,inferred
SNpp52,43,vnc_sensory,mechanosensory_proprioceptive,hair plate,DProN;MesoLN;MetaLN,?43,proprioception,hair plate,joint angle near limit,threshold deflection,Pratt 2023 (unverified),driven as joint_angle,derived,inferred
SNpp60,41,vnc_sensory,mechanosensory_proprioceptive,chordotonal organ,MesoLN;MetaLN;ProLN,?41,proprioception,leg chordotonal organ,joint angle and velocity (claw/hook/club),angle/velocity tuning,"Mamiya 2018, 2023",driven as joint_angle_velocity,derived,inferred
SNpp47,40,vnc_sensory,mechanosensory_proprioceptive,chordotonal organ,MesoLN;MetaLN;ProLN,?40,proprioception,leg chordotonal organ,joint angle and velocity (claw/hook/club),angle/velocity tuning,"Mamiya 2018, 2023",driven as joint_angle_velocity,derived,inferred
SNpp39,39,vnc_sensory,mechanosensory_proprioceptive,chordotonal organ,MesoLN;MetaLN;ProLN,?39,proprioception,leg chordotonal organ,joint angle and velocity (claw/hook/club),angle/velocity tuning,"Mamiya 2018, 2023",driven as joint_angle_velocity,derived,inferred
"SApp06,SApp15",37,sensory_ascending,mechanosensory_proprioceptive,campaniform sensilla,DMetaN,?37,proprioception,campaniform sensilla,cuticular strain (load),strain transduction,Dinges 2021; Zill,driven as load,derived,inferred
SApp10,37,sensory_ascending,mechanosensory_proprioceptive,campaniform sensilla,ADMN,?37,proprioception,campaniform sensilla,cuticular strain (load),strain transduction,Dinges 2021; Zill,driven as load,derived,inferred
SNpp02,36,vnc_sensory,mechanosensory_proprioceptive,abdomen,AbN3,?36,proprioception,abdominal proprioceptor,abdominal segment stretch/angle,unknown,none located,none,inferred,unknown
SNpp19,35,vnc_sensory,mechanosensory_proprioceptive,hair plate,PrN,?35,proprioception,hair plate,joint angle near limit,threshold deflection,Pratt 2023 (unverified),driven as joint_angle,derived,inferred
SNpp40,32,vnc_sensory,mechanosensory_proprioceptive,leg,MesoLN;MetaLN;ProAN;ProLN,?32,proprioception,"leg proprioceptor, organ unassigned",joint angle/load (organ unknown),unknown,none,none,inferred,unknown
SNpp51,32,vnc_sensory,mechanosensory_proprioceptive,chordotonal organ,MesoLN;MetaLN;ProLN,?32,proprioception,leg chordotonal organ,joint angle and velocity (claw/hook/club),angle/velocity tuning,"Mamiya 2018, 2023",driven as joint_angle_velocity,derived,inferred
SNpp01,25,vnc_sensory,mechanosensory_proprioceptive,abdomen,AbN3,?25,proprioception,abdominal proprioceptor,abdominal segment stretch/angle,unknown,none located,none,inferred,unknown
SApp23,23,sensory_ascending,mechanosensory_proprioceptive,chordotonal organ,MesoLN;MetaLN;ProLN,?23,proprioception,leg chordotonal organ,joint angle and velocity (claw/hook/club),angle/velocity tuning,"Mamiya 2018, 2023",driven as joint_angle_velocity,derived,inferred
SNpp41,22,vnc_sensory,mechanosensory_proprioceptive,chordotonal organ,MesoLN;MetaLN;ProLN,?22,proprioception,leg chordotonal organ,joint angle and velocity (claw/hook/club),angle/velocity tuning,"Mamiya 2018, 2023",driven as joint_angle_velocity,derived,inferred
SNpp42,20,vnc_sensory,mechanosensory_proprioceptive,chordotonal organ,MetaLN,?18;L2,proprioception,leg chordotonal organ,joint angle and velocity (claw/hook/club),angle/velocity tuning,"Mamiya 2018, 2023",driven as joint_angle_velocity,derived,inferred
SApp01,19,vnc_sensory,mechanosensory_proprioceptive,campaniform sensilla,DMetaN,?19,proprioception,campaniform sensilla,cuticular strain (load),strain transduction,Dinges 2021; Zill,driven as load,derived,inferred
SNpp43,19,vnc_sensory,mechanosensory_proprioceptive,chordotonal organ,MesoLN;MetaLN;ProLN,?19,proprioception,leg chordotonal organ,joint angle and velocity (claw/hook/club),angle/velocity tuning,"Mamiya 2018, 2023",driven as joint_angle_velocity,derived,inferred
SNpp18,18,vnc_sensory,mechanosensory_proprioceptive,chordotonal organ,ProCN,?18,proprioception,leg chordotonal organ,joint angle and velocity (claw/hook/club),angle/velocity tuning,"Mamiya 2018, 2023",driven as joint_angle_velocity,derived,inferred
"SNpp29,SNpp63",18,vnc_sensory,mechanosensory_proprioceptive,campaniform sensilla,ADMN,?18,proprioception,campaniform sensilla,cuticular strain (load),strain transduction,Dinges 2021; Zill,driven as load,derived,inferred
SNpp28,17,vnc_sensory,mechanosensory_proprioceptive,campaniform sensilla,ADMN,?17,proprioception,campaniform sensilla,cuticular strain (load),strain transduction,Dinges 2021; Zill,driven as load,derived,inferred
SNpp23,16,vnc_sensory,mechanosensory_proprioceptive,haltere,DMetaN;PDMN,?16,proprioception,haltere campaniforms,"haltere base strain (Coriolis, body rotation)",phase-locked strain,Dickinson 1999; Fayyazuddin & Dickinson,none,derived,inferred
SNpp58,16,vnc_sensory,mechanosensory_proprioceptive,chordotonal organ,MesoLN;MetaLN,?16,proprioception,leg chordotonal organ,joint angle and velocity (claw/hook/club),angle/velocity tuning,"Mamiya 2018, 2023",driven as joint_angle_velocity,derived,inferred
SNpp16,13,vnc_sensory,mechanosensory_proprioceptive,campaniform sensilla,ADMN,?13,proprioception,campaniform sensilla,cuticular strain (load),strain transduction,Dinges 2021; Zill,driven as load,derived,inferred
SNpp53,13,vnc_sensory,mechanosensory_proprioceptive,campaniform sensilla,MesoLN;MetaLN;ProLN,?13,proprioception,campaniform sensilla,cuticular strain (load),strain transduction,Dinges 2021; Zill,driven as load,derived,inferred
SNpp56,13,vnc_sensory,mechanosensory_proprioceptive,chordotonal organ,MesoLN;MetaLN,?13,proprioception,leg chordotonal organ,joint angle and velocity (claw/hook/club),angle/velocity tuning,"Mamiya 2018, 2023",driven as joint_angle_velocity,derived,inferred
SNpp07,12,vnc_sensory,mechanosensory_proprioceptive,campaniform sensilla,ADMN,?12,proprioception,campaniform sensilla,cuticular strain (load),strain transduction,Dinges 2021; Zill,driven as load,derived,inferred
SNpp17,12,vnc_sensory,mechanosensory_proprioceptive,chordotonal organ,ProCN,?12,proprioception,leg chordotonal organ,joint angle and velocity (claw/hook/club),angle/velocity tuning,"Mamiya 2018, 2023",driven as joint_angle_velocity,derived,inferred
SNpp57,12,vnc_sensory,mechanosensory_proprioceptive,chordotonal organ,MesoLN;MetaLN;ProLN,?12,proprioception,leg chordotonal organ,joint angle and velocity (claw/hook/club),angle/velocity tuning,"Mamiya 2018, 2023",driven as joint_angle_velocity,derived,inferred
SNpp48,10,vnc_sensory,mechanosensory_proprioceptive,chordotonal organ,MesoLN;MetaLN,?10,proprioception,leg chordotonal organ,joint angle and velocity (claw/hook/club),angle/velocity tuning,"Mamiya 2018, 2023",driven as joint_angle_velocity,derived,inferred
SNpp61,10,vnc_sensory,mechanosensory_proprioceptive,wing,ADMN,?10,proprioception,wing campaniforms / tegula,wing load and bending,phase-locked strain,Dickerson 2014,none,derived,inferred
SApp04,9,sensory_ascending,mechanosensory_proprioceptive,campaniform sensilla,ADMN,?9,proprioception,campaniform sensilla,cuticular strain (load),strain transduction,Dinges 2021; Zill,driven as load,derived,inferred
SApp19,9,sensory_ascending,mechanosensory_proprioceptive,campaniform sensilla,ADMN,?9,proprioception,campaniform sensilla,cuticular strain (load),strain transduction,Dinges 2021; Zill,driven as load,derived,inferred
SNpp62,9,vnc_sensory,mechanosensory_proprioceptive,wing,ADMN,?9,proprioception,wing campaniforms / tegula,wing load and bending,phase-locked strain,Dickerson 2014,none,derived,inferred
"SApp11,SApp18",8,sensory_ascending,mechanosensory_proprioceptive,campaniform sensilla,ADMN,?8,proprioception,campaniform sensilla,cuticular strain (load),strain transduction,Dinges 2021; Zill,driven as load,derived,inferred
SApp13,8,sensory_ascending,mechanosensory_proprioceptive,campaniform sensilla,ADMN,?8,proprioception,campaniform sensilla,cuticular strain (load),strain transduction,Dinges 2021; Zill,driven as load,derived,inferred
SNpp30,8,vnc_sensory,mechanosensory_proprioceptive,campaniform sensilla,ADMN,?8,proprioception,campaniform sensilla,cuticular strain (load),strain transduction,Dinges 2021; Zill,driven as load,derived,inferred
SNpp32,8,vnc_sensory,mechanosensory_proprioceptive,campaniform sensilla,ADMN,?8,proprioception,campaniform sensilla,cuticular strain (load),strain transduction,Dinges 2021; Zill,driven as load,derived,inferred
SNpp34,8,vnc_sensory,mechanosensory_proprioceptive,haltere,DMetaN,?8,proprioception,haltere campaniforms,"haltere base strain (Coriolis, body rotation)",phase-locked strain,Dickinson 1999; Fayyazuddin & Dickinson,none,derived,inferred
SApp14,7,sensory_ascending,mechanosensory_proprioceptive,campaniform sensilla,ADMN,?7,proprioception,campaniform sensilla,cuticular strain (load),strain transduction,Dinges 2021; Zill,driven as load,derived,inferred
SNpp10,7,vnc_sensory,mechanosensory_proprioceptive,campaniform sensilla,ADMN,?7,proprioception,campaniform sensilla,cuticular strain (load),strain transduction,Dinges 2021; Zill,driven as load,derived,inferred
SNpp25,7,vnc_sensory,mechanosensory_proprioceptive,haltere,DMetaN,?7,proprioception,haltere campaniforms,"haltere base strain (Coriolis, body rotation)",phase-locked strain,Dickinson 1999; Fayyazuddin & Dickinson,none,derived,inferred
SNpp33,7,vnc_sensory,mechanosensory_proprioceptive,campaniform sensilla,ADMN,?7,proprioception,campaniform sensilla,cuticular strain (load),strain transduction,Dinges 2021; Zill,driven as load,derived,inferred
SNpp37,7,vnc_sensory,mechanosensory_proprioceptive,campaniform sensilla,ADMN,?7,proprioception,campaniform sensilla,cuticular strain (load),strain transduction,Dinges 2021; Zill,driven as load,derived,inferred
SNpp55,7,vnc_sensory,mechanosensory_proprioceptive,leg,MetaLN,?7,proprioception,"leg proprioceptor, organ unassigned",joint angle/load (organ unknown),unknown,none,none,inferred,unknown
"SApp23,SNpp56",6,vnc_sensory,mechanosensory_proprioceptive,chordotonal organ,MetaLN,?6,proprioception,leg chordotonal organ,joint angle and velocity (claw/hook/club),angle/velocity tuning,"Mamiya 2018, 2023",driven as joint_angle_velocity,derived,inferred
SNpp11,6,vnc_sensory,mechanosensory_proprioceptive,campaniform sensilla,ADMN,?6,proprioception,campaniform sensilla,cuticular strain (load),strain transduction,Dinges 2021; Zill,driven as load,derived,inferred
SNpp14,6,vnc_sensory,mechanosensory_proprioceptive,haltere,DMetaN,?6,proprioception,haltere campaniforms,"haltere base strain (Coriolis, body rotation)",phase-locked strain,Dickinson 1999; Fayyazuddin & Dickinson,none,derived,inferred
SNpp15,6,vnc_sensory,mechanosensory_proprioceptive,haltere,DMetaN,?6,proprioception,haltere campaniforms,"haltere base strain (Coriolis, body rotation)",phase-locked strain,Dickinson 1999; Fayyazuddin & Dickinson,none,derived,inferred
SNpp20,6,vnc_sensory,mechanosensory_proprioceptive,haltere,DMetaN,?6,proprioception,haltere campaniforms,"haltere base strain (Coriolis, body rotation)",phase-locked strain,Dickinson 1999; Fayyazuddin & Dickinson,none,derived,inferred
SNpp35,6,vnc_sensory,mechanosensory_proprioceptive,haltere,DMetaN,?6,proprioception,haltere campaniforms,"haltere base strain (Coriolis, body rotation)",phase-locked strain,Dickinson 1999; Fayyazuddin & Dickinson,none,derived,inferred
SNpp38,6,vnc_sensory,mechanosensory_proprioceptive,campaniform sensilla,ADMN,?6,proprioception,campaniform sensilla,cuticular strain (load),strain transduction,Dinges 2021; Zill,driven as load,derived,inferred
SNpp59,6,vnc_sensory,mechanosensory_proprioceptive,chordotonal organ,MesoLN;MetaLN;ProLN,?6,proprioception,leg chordotonal organ,joint angle and velocity (claw/hook/club),angle/velocity tuning,"Mamiya 2018, 2023",driven as joint_angle_velocity,derived,inferred
SNpp44,5,vnc_sensory,mechanosensory_proprioceptive,chordotonal organ,MesoLN;MetaLN,?5,proprioception,leg chordotonal organ,joint angle and velocity (claw/hook/club),angle/velocity tuning,"Mamiya 2018, 2023",driven as joint_angle_velocity,derived,inferred
SNpp03,4,vnc_sensory,mechanosensory_proprioceptive,abdomen,AbN3,?4,proprioception,abdominal proprioceptor,abdominal segment stretch/angle,unknown,none located,none,inferred,unknown
SNpp04,4,vnc_sensory,mechanosensory_proprioceptive,campaniform sensilla,ADMN,?4,proprioception,campaniform sensilla,cuticular strain (load),strain transduction,Dinges 2021; Zill,driven as load,derived,inferred
SNpp06,4,vnc_sensory,mechanosensory_proprioceptive,campaniform sensilla,ADMN,?4,proprioception,campaniform sensilla,cuticular strain (load),strain transduction,Dinges 2021; Zill,driven as load,derived,inferred
SNpp08,4,vnc_sensory,mechanosensory_proprioceptive,campaniform sensilla,ADMN,?4,proprioception,campaniform sensilla,cuticular strain (load),strain transduction,Dinges 2021; Zill,driven as load,derived,inferred
SNpp09,4,vnc_sensory,mechanosensory_proprioceptive,campaniform sensilla,ADMN,?4,proprioception,campaniform sensilla,cuticular strain (load),strain transduction,Dinges 2021; Zill,driven as load,derived,inferred
SNpp21,4,vnc_sensory,mechanosensory_proprioceptive,haltere,DMetaN,?4,proprioception,haltere campaniforms,"haltere base strain (Coriolis, body rotation)",phase-locked strain,Dickinson 1999; Fayyazuddin & Dickinson,none,derived,inferred
SNpp24,4,vnc_sensory,mechanosensory_proprioceptive,campaniform sensilla,DMetaN,?4,proprioception,campaniform sensilla,cuticular strain (load),strain transduction,Dinges 2021; Zill,driven as load,derived,inferred
SNpp49,4,vnc_sensory,mechanosensory_proprioceptive,chordotonal organ,MesoLN,?4,proprioception,leg chordotonal organ,joint angle and velocity (claw/hook/club),angle/velocity tuning,"Mamiya 2018, 2023",driven as joint_angle_velocity,derived,inferred
"SApp02,SApp03",3,vnc_sensory,mechanosensory_proprioceptive,campaniform sensilla,DMetaN,?3,proprioception,campaniform sensilla,cuticular strain (load),strain transduction,Dinges 2021; Zill,driven as load,derived,inferred
SApp05,3,vnc_sensory,mechanosensory_proprioceptive,campaniform sensilla,DMetaN,?3,proprioception,campaniform sensilla,cuticular strain (load),strain transduction,Dinges 2021; Zill,driven as load,derived,inferred
SApp21,3,sensory_ascending,mechanosensory_proprioceptive,campaniform sensilla,ADMN,?3,proprioception,campaniform sensilla,cuticular strain (load),strain transduction,Dinges 2021; Zill,driven as load,derived,inferred
"SNpp20,SApp02",3,vnc_sensory,mechanosensory_proprioceptive,campaniform sensilla,DMetaN,?3,proprioception,campaniform sensilla,cuticular strain (load),strain transduction,Dinges 2021; Zill,driven as load,derived,inferred
"SNpp34,SApp16",3,vnc_sensory,mechanosensory_proprioceptive,campaniform sensilla,DMetaN,?3,proprioception,campaniform sensilla,cuticular strain (load),strain transduction,Dinges 2021; Zill,driven as load,derived,inferred
SApp07,2,vnc_sensory,mechanosensory_proprioceptive,campaniform sensilla,DMetaN,?2,proprioception,campaniform sensilla,cuticular strain (load),strain transduction,Dinges 2021; Zill,driven as load,derived,inferred
SApp20,2,sensory_ascending,mechanosensory_proprioceptive,campaniform sensilla,ADMN,?2,proprioception,campaniform sensilla,cuticular strain (load),strain transduction,Dinges 2021; Zill,driven as load,derived,inferred
SNpp05,2,vnc_sensory,mechanosensory_proprioceptive,campaniform sensilla,ADMN,?2,proprioception,campaniform sensilla,cuticular strain (load),strain transduction,Dinges 2021; Zill,driven as load,derived,inferred
SNpp12,2,vnc_sensory,mechanosensory_proprioceptive,haltere,DMetaN,?2,proprioception,haltere campaniforms,"haltere base strain (Coriolis, body rotation)",phase-locked strain,Dickinson 1999; Fayyazuddin & Dickinson,none,derived,inferred
SNpp13,2,vnc_sensory,mechanosensory_proprioceptive,notum,PDMN,?2,proprioception,neck / notum proprioceptor,head-thorax angle or cuticle strain,angle tuning,prosternal organ literature,none,inferred,inferred
SNpp22,2,vnc_sensory,mechanosensory_proprioceptive,chordotonal organ,ProCN,?2,proprioception,leg chordotonal organ,joint angle and velocity (claw/hook/club),angle/velocity tuning,"Mamiya 2018, 2023",driven as joint_angle_velocity,derived,inferred
SNpp26,2,vnc_sensory,mechanosensory_proprioceptive,campaniform sensilla,ADMN,?2,proprioception,campaniform sensilla,cuticular strain (load),strain transduction,Dinges 2021; Zill,driven as load,derived,inferred
SNpp27,2,vnc_sensory,mechanosensory_proprioceptive,campaniform sensilla,ADMN,?2,proprioception,campaniform sensilla,cuticular strain (load),strain transduction,Dinges 2021; Zill,driven as load,derived,inferred
SNpp31,2,vnc_sensory,mechanosensory_proprioceptive,campaniform sensilla,ADMN,?2,proprioception,campaniform sensilla,cuticular strain (load),strain transduction,Dinges 2021; Zill,driven as load,derived,inferred
SNpp36,2,vnc_sensory,mechanosensory_proprioceptive,campaniform sensilla,ADMN,?2,proprioception,campaniform sensilla,cuticular strain (load),strain transduction,Dinges 2021; Zill,driven as load,derived,inferred
SNpp46,2,vnc_sensory,mechanosensory_proprioceptive,chordotonal organ,MetaLN,?2,proprioception,leg chordotonal organ,joint angle and velocity (claw/hook/club),angle/velocity tuning,"Mamiya 2018, 2023",driven as joint_angle_velocity,derived,inferred
untyped:mechanosensory_proprioceptive/haltere,2,vnc_sensory,mechanosensory_proprioceptive,haltere,DMetaN,?2,proprioception,haltere campaniforms,"haltere base strain (Coriolis, body rotation)",phase-locked strain,Dickinson 1999; Fayyazuddin & Dickinson,none,derived,inferred
untyped:unknown_sensory/haltere,2,vnc_sensory,unknown_sensory,haltere,DMetaN,?2,proprioception,haltere campaniforms,"haltere base strain (Coriolis, body rotation)",phase-locked strain,Dickinson 1999; Fayyazuddin & Dickinson,none,derived,inferred
untyped:mechanosensory_proprioceptive/abdomen,1,vnc_sensory,mechanosensory_proprioceptive,abdomen,AbN3,?1,proprioception,abdominal proprioceptor,abdominal segment stretch/angle,unknown,none located,none,inferred,unknown
untyped:mechanosensory_proprioceptive/chordotonal organ,1,vnc_sensory,mechanosensory_proprioceptive,chordotonal organ,ProCN,?1,proprioception,leg chordotonal organ,joint angle and velocity (claw/hook/club),angle/velocity tuning,"Mamiya 2018, 2023",driven as joint_angle_velocity,derived,inferred
untyped:mechanosensory_proprioceptive/neck,1,vnc_sensory,mechanosensory_proprioceptive,neck,PrN,?1,proprioception,neck / notum proprioceptor,head-thorax angle or cuticle strain,angle tuning,prosternal organ literature,none,inferred,inferred
LgLG3,162,vnc_sensory,gustatory,leg bristle,MesoLN;MetaLN;ProLN,?162,taste,leg / wing taste bristle,tastant concentrations at contact,GRN class dose-response,Ling 2014; Thoma 2016,none,derived,inferred
LgLG1a,136,vnc_sensory,gustatory,leg bristle,MesoLN;MetaLN;ProLN,?136,taste,leg / wing taste bristle,tastant concentrations at contact,GRN class dose-response,Ling 2014; Thoma 2016,none,derived,inferred
LgLG1b,134,vnc_sensory,gustatory,leg bristle,MesoLN;MetaLN;ProLN,?134,taste,leg / wing taste bristle,tastant concentrations at contact,GRN class dose-response,Ling 2014; Thoma 2016,none,derived,inferred
LgLG2,130,vnc_sensory,gustatory,leg bristle,MesoLN;MetaLN;ProLN,?130,taste,leg / wing taste bristle,tastant concentrations at contact,GRN class dose-response,Ling 2014; Thoma 2016,none,derived,inferred
WG2,97,vnc_sensory,gustatory,wing bristle,ADMN,?97,taste,leg / wing taste bristle,tastant concentrations at contact,GRN class dose-response,Ling 2014; Thoma 2016,none,derived,inferred
WG1,96,vnc_sensory,gustatory,wing bristle,ADMN,?96,taste,leg / wing taste bristle,tastant concentrations at contact,GRN class dose-response,Ling 2014; Thoma 2016,none,derived,inferred
WG3,96,vnc_sensory,gustatory,wing bristle,ADMN,?96,taste,leg / wing taste bristle,tastant concentrations at contact,GRN class dose-response,Ling 2014; Thoma 2016,none,derived,inferred
WG4,96,vnc_sensory,gustatory,wing bristle,ADMN,?96,taste,leg / wing taste bristle,tastant concentrations at contact,GRN class dose-response,Ling 2014; Thoma 2016,none,derived,inferred
claw_tpGRN,50,cb_sensory,gustatory,taste peg,MxLbN,?50,taste,labellum / pharynx,tastant concentrations at contact,GRN class dose-response,LB/PhG types by receptor line (Cell 2026),none,derived,inferred
LgLG4,43,vnc_sensory,gustatory,leg bristle,MesoLN;MetaLN;ProLN,?43,taste,leg / wing taste bristle,tastant concentrations at contact,GRN class dose-response,Ling 2014; Thoma 2016,none,derived,inferred
LB3d,26,cb_sensory,gustatory,labellar bristle,MxLbN,?26,taste,labellum / pharynx,tastant concentrations at contact,GRN class dose-response,LB/PhG types by receptor line (Cell 2026),none,derived,inferred
LgAG1,25,sensory_ascending,gustatory,leg bristle,MesoLN;MetaLN;ProLN,?25,taste,leg / wing taste bristle,tastant concentrations at contact,GRN class dose-response,Ling 2014; Thoma 2016,none,derived,inferred
LB3c,23,cb_sensory,gustatory,labellar bristle,MxLbN,?23,taste,labellum / pharynx,tastant concentrations at contact,GRN class dose-response,LB/PhG types by receptor line (Cell 2026),none,derived,inferred
LgLG7,21,vnc_sensory,gustatory,leg bristle,ProLN,?21,taste,leg / wing taste bristle,tastant concentrations at contact,GRN class dose-response,Ling 2014; Thoma 2016,none,derived,inferred
LB1e,19,cb_sensory,gustatory,labellar bristle,MxLbN,?19,taste,labellum / pharynx,tastant concentrations at contact,GRN class dose-response,LB/PhG types by receptor line (Cell 2026),none,derived,inferred
LB3a,17,cb_sensory,gustatory,labellar bristle,MxLbN,?17,taste,labellum / pharynx,tastant concentrations at contact,GRN class dose-response,LB/PhG types by receptor line (Cell 2026),none,derived,inferred
LB1c,16,cb_sensory,gustatory,labellar bristle,MxLbN,?16,taste,labellum / pharynx,tastant concentrations at contact,GRN class dose-response,LB/PhG types by receptor line (Cell 2026),none,derived,inferred
LgLG6,16,vnc_sensory,gustatory,leg bristle,ProLN,?16,taste,leg / wing taste bristle,tastant concentrations at contact,GRN class dose-response,Ling 2014; Thoma 2016,none,derived,inferred
LgLG8,14,vnc_sensory,gustatory,leg bristle,ProLN,?14,taste,leg / wing taste bristle,tastant concentrations at contact,GRN class dose-response,Ling 2014; Thoma 2016,none,derived,inferred
LgLG5,13,vnc_sensory,gustatory,leg bristle,ProLN,?13,taste,leg / wing taste bristle,tastant concentrations at contact,GRN class dose-response,Ling 2014; Thoma 2016,none,derived,inferred
LB1a,11,cb_sensory,gustatory,labellar bristle,MxLbN,?11,taste,labellum / pharynx,tastant concentrations at contact,GRN class dose-response,LB/PhG types by receptor line (Cell 2026),none,derived,inferred
LB3b,11,cb_sensory,gustatory,labellar bristle,MxLbN,?11,taste,labellum / pharynx,tastant concentrations at contact,GRN class dose-response,LB/PhG types by receptor line (Cell 2026),none,derived,inferred
LgAG2,11,sensory_ascending,gustatory,leg bristle,MesoLN;MetaLN;ProLN,?11,taste,leg / wing taste bristle,tastant concentrations at contact,GRN class dose-response,Ling 2014; Thoma 2016,none,derived,inferred
dorsal_tpGRN,10,cb_sensory,gustatory,taste peg,MxLbN,?10,taste,labellum / pharynx,tastant concentrations at contact,GRN class dose-response,LB/PhG types by receptor line (Cell 2026),none,derived,inferred
untyped:gustatory/leg bristle,10,vnc_sensory,gustatory,leg bristle,MetaLN;ProLN,?10,taste,leg / wing taste bristle,tastant concentrations at contact,GRN class dose-response,Ling 2014; Thoma 2016,none,derived,inferred
LgAG8,9,sensory_ascending,gustatory,leg bristle,MesoLN;MetaLN,?9,taste,leg / wing taste bristle,tastant concentrations at contact,GRN class dose-response,Ling 2014; Thoma 2016,none,derived,inferred
LB4b,8,cb_sensory,gustatory,labellar bristle,MxLbN,?8,taste,labellum / pharynx,tastant concentrations at contact,GRN class dose-response,LB/PhG types by receptor line (Cell 2026),none,derived,inferred
LgAG4,8,sensory_ascending,gustatory,leg bristle,MesoLN;MetaLN,?8,taste,leg / wing taste bristle,tastant concentrations at contact,GRN class dose-response,Ling 2014; Thoma 2016,none,derived,inferred
SNch05,8,vnc_sensory,gustatory,leg bristle,MesoLN;MetaLN;ProLN,?8,taste,leg / wing taste bristle,tastant concentrations at contact,GRN class dose-response,Ling 2014; Thoma 2016,none,derived,inferred
LgAG3,7,sensory_ascending,gustatory,leg bristle,MesoLN;MetaLN,?7,taste,leg / wing taste bristle,tastant concentrations at contact,GRN class dose-response,Ling 2014; Thoma 2016,none,derived,inferred
LB1b,6,cb_sensory,gustatory,labellar bristle,MxLbN,?6,taste,labellum / pharynx,tastant concentrations at contact,GRN class dose-response,LB/PhG types by receptor line (Cell 2026),none,derived,inferred
LB2c,6,cb_sensory,gustatory,labellar bristle,MxLbN,?6,taste,labellum / pharynx,tastant concentrations at contact,GRN class dose-response,LB/PhG types by receptor line (Cell 2026),none,derived,inferred
LB1d,5,cb_sensory,gustatory,labellar bristle,MxLbN,?5,taste,labellum / pharynx,tastant concentrations at contact,GRN class dose-response,LB/PhG types by receptor line (Cell 2026),none,derived,inferred
LB2d,5,cb_sensory,gustatory,,MxLbN,?5,taste,leg / wing taste bristle,tastant concentrations at contact,GRN class dose-response,Ling 2014; Thoma 2016,none,derived,inferred
LgAG7,5,sensory_ascending,gustatory,leg bristle,MesoLN;ProLN,?5,taste,leg / wing taste bristle,tastant concentrations at contact,GRN class dose-response,Ling 2014; Thoma 2016,none,derived,inferred
LB2a,4,cb_sensory,gustatory,labellar bristle,MxLbN,?4,taste,labellum / pharynx,tastant concentrations at contact,GRN class dose-response,LB/PhG types by receptor line (Cell 2026),none,derived,inferred
LB4a,4,cb_sensory,gustatory,labellar bristle,MxLbN,?4,taste,labellum / pharynx,tastant concentrations at contact,GRN class dose-response,LB/PhG types by receptor line (Cell 2026),none,derived,inferred
LgAG5,4,sensory_ascending,gustatory,leg bristle,ProLN,?4,taste,leg / wing taste bristle,tastant concentrations at contact,GRN class dose-response,Ling 2014; Thoma 2016,none,derived,inferred
LgAG6,4,sensory_ascending,gustatory,leg bristle,ProLN,?4,taste,leg / wing taste bristle,tastant concentrations at contact,GRN class dose-response,Ling 2014; Thoma 2016,none,derived,inferred
PhG1c,4,cb_sensory,gustatory,pharyngeal sensillum,aPhN,?4,taste,labellum / pharynx,tastant concentrations at contact,GRN class dose-response,LB/PhG types by receptor line (Cell 2026),none,derived,inferred
PhG2,4,cb_sensory,gustatory,pharyngeal sensillum,aPhN,?4,taste,labellum / pharynx,tastant concentrations at contact,GRN class dose-response,LB/PhG types by receptor line (Cell 2026),none,derived,inferred
PhG4,4,cb_sensory,gustatory,pharyngeal sensillum,aPhN,?4,taste,labellum / pharynx,tastant concentrations at contact,GRN class dose-response,LB/PhG types by receptor line (Cell 2026),none,derived,inferred
PhG7,4,cb_sensory,gustatory,pharyngeal sensillum,PhN,?4,taste,labellum / pharynx,tastant concentrations at contact,GRN class dose-response,LB/PhG types by receptor line (Cell 2026),none,derived,inferred
PhG8,4,cb_sensory,gustatory,pharyngeal sensillum,PhN,?4,taste,labellum / pharynx,tastant concentrations at contact,GRN class dose-response,LB/PhG types by receptor line (Cell 2026),none,derived,inferred
PhG9,4,cb_sensory,gustatory,pharyngeal sensillum,PhN,?4,taste,labellum / pharynx,tastant concentrations at contact,GRN class dose-response,LB/PhG types by receptor line (Cell 2026),none,derived,inferred
LB2b,3,cb_sensory,gustatory,,MxLbN,?3,taste,leg / wing taste bristle,tastant concentrations at contact,GRN class dose-response,Ling 2014; Thoma 2016,none,derived,inferred
LgAG9,3,sensory_ascending,gustatory,leg bristle,ProLN,?3,taste,leg / wing taste bristle,tastant concentrations at contact,GRN class dose-response,Ling 2014; Thoma 2016,none,derived,inferred
PhG10,2,cb_sensory,gustatory,pharyngeal sensillum,aPhN,?2,taste,labellum / pharynx,tastant concentrations at contact,GRN class dose-response,LB/PhG types by receptor line (Cell 2026),none,derived,inferred
PhG11,2,cb_sensory,gustatory,pharyngeal sensillum,aPhN,?2,taste,labellum / pharynx,tastant concentrations at contact,GRN class dose-response,LB/PhG types by receptor line (Cell 2026),none,derived,inferred
PhG12,2,cb_sensory,gustatory,pharyngeal sensillum,aPhN,?2,taste,labellum / pharynx,tastant concentrations at contact,GRN class dose-response,LB/PhG types by receptor line (Cell 2026),none,derived,inferred
PhG13,2,cb_sensory,gustatory,pharyngeal sensillum,aPhN,?2,taste,labellum / pharynx,tastant concentrations at contact,GRN class dose-response,LB/PhG types by receptor line (Cell 2026),none,derived,inferred
PhG14,2,cb_sensory,gustatory,pharyngeal sensillum,aPhN,?2,taste,labellum / pharynx,tastant concentrations at contact,GRN class dose-response,LB/PhG types by receptor line (Cell 2026),none,derived,inferred
PhG15,2,cb_sensory,gustatory,pharyngeal sensillum,aPhN,?2,taste,labellum / pharynx,tastant concentrations at contact,GRN class dose-response,LB/PhG types by receptor line (Cell 2026),none,derived,inferred
PhG16,2,cb_sensory,gustatory,pharyngeal sensillum,aPhN,?2,taste,labellum / pharynx,tastant concentrations at contact,GRN class dose-response,LB/PhG types by receptor line (Cell 2026),none,derived,inferred
PhG1a,2,cb_sensory,gustatory,pharyngeal sensillum,aPhN,?2,taste,labellum / pharynx,tastant concentrations at contact,GRN class dose-response,LB/PhG types by receptor line (Cell 2026),none,derived,inferred
PhG1b,2,cb_sensory,gustatory,pharyngeal sensillum,aPhN,?2,taste,labellum / pharynx,tastant concentrations at contact,GRN class dose-response,LB/PhG types by receptor line (Cell 2026),none,derived,inferred
PhG3,2,cb_sensory,gustatory,pharyngeal sensillum,aPhN,?2,taste,labellum / pharynx,tastant concentrations at contact,GRN class dose-response,LB/PhG types by receptor line (Cell 2026),none,derived,inferred
PhG5,2,cb_sensory,gustatory,pharyngeal sensillum,aPhN,?2,taste,labellum / pharynx,tastant concentrations at contact,GRN class dose-response,LB/PhG types by receptor line (Cell 2026),none,derived,inferred
PhG6,2,cb_sensory,gustatory,pharyngeal sensillum,aPhN,?2,taste,labellum / pharynx,tastant concentrations at contact,GRN class dose-response,LB/PhG types by receptor line (Cell 2026),none,derived,inferred
untyped:gustatory/labellar bristle,2,cb_sensory,gustatory,labellar bristle,MxLbN,?2,taste,labellum / pharynx,tastant concentrations at contact,GRN class dose-response,LB/PhG types by receptor line (Cell 2026),none,derived,inferred
LB3,1,cb_sensory,gustatory,labellar bristle,MxLbN,?1,taste,labellum / pharynx,tastant concentrations at contact,GRN class dose-response,LB/PhG types by receptor line (Cell 2026),none,derived,inferred
TRN_VP1m,11,cb_sensory,thermosensory,,AN,?11,thermosensation,arista / sacculus,temperature and its rate of change,hot/cold phasic-tonic cells,Gallio 2011; Budelli 2019,none,derived,inferred
TRN_VP2,7,cb_sensory,thermosensory,,AN,?7,thermosensation,arista / sacculus,temperature and its rate of change,hot/cold phasic-tonic cells,Gallio 2011; Budelli 2019,none,derived,inferred
TRN_VP3a,6,cb_sensory,thermosensory,,AN,?6,thermosensation,arista / sacculus,temperature and its rate of change,hot/cold phasic-tonic cells,Gallio 2011; Budelli 2019,none,derived,inferred
TRN_VP3b,1,cb_sensory,thermosensory,,AN,?1,thermosensation,arista / sacculus,temperature and its rate of change,hot/cold phasic-tonic cells,Gallio 2011; Budelli 2019,none,derived,inferred
BM_InOm,745,cb_sensory,mechanosensory,,MxLbN,?745,touch,"head bristle (BM_*: interommatidial, vibrissae, palp, haustellum, occipital)",bristle deflection at contact,phasic deflection,Eichler et al. head bristle atlas; Hampel 2015,none,derived,inferred
SNta29,260,vnc_sensory,mechanosensory_tactile,mechanosensory bristle,MesoLN;MetaLN;ProLN,?260,touch,mechanosensory bristle,bristle deflection at contact,phasic deflection,Walker 2000; Corfas & Dudai,driven as contact,derived,inferred
untyped:unknown_sensory/leg,248,vnc_sensory,unknown_sensory,leg,MesoLN;MetaLN;ProLN;VProN,?248,touch,mechanosensory bristle,bristle deflection at contact,phasic deflection,Walker 2000; Corfas & Dudai,none,derived,inferred
"SNta02,SNta09",241,vnc_sensory,mechanosensory_tactile,notum,PDMN,?241,touch,mechanosensory bristle,bristle deflection at contact,phasic deflection,Walker 2000; Corfas & Dudai,none,derived,inferred
SNta37,228,vnc_sensory,mechanosensory_tactile,mechanosensory bristle,MesoLN;MetaLN;ProLN,?228,touch,mechanosensory bristle,bristle deflection at contact,phasic deflection,Walker 2000; Corfas & Dudai,driven as contact,derived,inferred
SNta20,156,vnc_sensory,mechanosensory_tactile,leg,MesoLN;MetaLN;ProLN,?156,touch,mechanosensory bristle,bristle deflection at contact,phasic deflection,Walker 2000; Corfas & Dudai,none,derived,inferred
SNta38,122,vnc_sensory,mechanosensory_tactile,mechanosensory bristle,MesoLN;MetaLN;ProLN,?122,touch,mechanosensory bristle,bristle deflection at contact,phasic deflection,Walker 2000; Corfas & Dudai,driven as contact,derived,inferred
SNta21,117,vnc_sensory,mechanosensory_tactile,mechanosensory bristle,MesoLN;MetaLN;ProLN,?117,touch,mechanosensory bristle,bristle deflection at contact,phasic deflection,Walker 2000; Corfas & Dudai,driven as contact,derived,inferred
SNxxxx,102,vnc_sensory,unknown_sensory,leg,MesoLN;MetaLN;ProAN;ProLN,?102,touch,mechanosensory bristle,bristle deflection at contact,phasic deflection,Walker 2000; Corfas & Dudai,none,derived,inferred
SNta04,83,vnc_sensory,mechanosensory_tactile,mechanosensory bristle,ADMN,?83,touch,mechanosensory bristle,bristle deflection at contact,phasic deflection,Walker 2000; Corfas & Dudai,driven as contact,derived,inferred
SNta42,77,vnc_sensory,mechanosensory_tactile,mechanosensory bristle,MesoLN;MetaLN;ProLN;VProN,?77,touch,mechanosensory bristle,bristle deflection at contact,phasic deflection,Walker 2000; Corfas & Dudai,driven as contact,derived,inferred
SNta31,76,vnc_sensory,mechanosensory_tactile,mechanosensory bristle,MesoLN;MetaLN;ProLN,?76,touch,mechanosensory bristle,bristle deflection at contact,phasic deflection,Walker 2000; Corfas & Dudai,driven as contact,derived,inferred
SNta28,74,vnc_sensory,mechanosensory_tactile,mechanosensory bristle,MesoLN;MetaLN;ProLN,?74,touch,mechanosensory bristle,bristle deflection at contact,phasic deflection,Walker 2000; Corfas & Dudai,driven as contact,derived,inferred
SNta43,73,vnc_sensory,mechanosensory_tactile,mechanosensory bristle,MesoLN;MetaLN;ProLN,?73,touch,mechanosensory bristle,bristle deflection at contact,phasic deflection,Walker 2000; Corfas & Dudai,driven as contact,derived,inferred
SNxx33,72,vnc_sensory,unknown_sensory,leg,MesoLN;MetaLN;ProLN,?72,touch,mechanosensory bristle,bristle deflection at contact,phasic deflection,Walker 2000; Corfas & Dudai,none,derived,inferred
BM,69,cb_sensory,mechanosensory,,AN,?69,touch,"head bristle (BM_*: interommatidial, vibrissae, palp, haustellum, occipital)",bristle deflection at contact,phasic deflection,Eichler et al. head bristle atlas; Hampel 2015,none,derived,inferred
SNta11,67,vnc_sensory,mechanosensory_tactile,mechanosensory bristle,ADMN,?67,touch,mechanosensory bristle,bristle deflection at contact,phasic deflection,Walker 2000; Corfas & Dudai,driven as contact,derived,inferred
SNta30,65,vnc_sensory,mechanosensory_tactile,mechanosensory bristle,MesoLN;MetaLN;ProLN,?65,touch,mechanosensory bristle,bristle deflection at contact,phasic deflection,Walker 2000; Corfas & Dudai,driven as contact,derived,inferred
SNta25,63,vnc_sensory,mechanosensory_tactile,mechanosensory bristle,MesoLN;MetaLN,?63,touch,mechanosensory bristle,bristle deflection at contact,phasic deflection,Walker 2000; Corfas & Dudai,driven as contact,derived,inferred
SNta18,55,vnc_sensory,mechanosensory_tactile,mechanosensory bristle,ADMN,?55,touch,mechanosensory bristle,bristle deflection at contact,phasic deflection,Walker 2000; Corfas & Dudai,driven as contact,derived,inferred
untyped:mechanosensory_tactile/leg,55,vnc_sensory,mechanosensory_tactile,leg,MesoLN;MetaLN;ProLN,?55,touch,mechanosensory bristle,bristle deflection at contact,phasic deflection,Walker 2000; Corfas & Dudai,none,derived,inferred
SNta34,54,vnc_sensory,mechanosensory_tactile,mechanosensory bristle,MesoLN;MetaLN,?54,touch,mechanosensory bristle,bristle deflection at contact,phasic deflection,Walker 2000; Corfas & Dudai,driven as contact,derived,inferred
SNta41,54,vnc_sensory,mechanosensory_tactile,mechanosensory bristle,MesoLN;ProLN,?54,touch,mechanosensory bristle,bristle deflection at contact,phasic deflection,Walker 2000; Corfas & Dudai,driven as contact,derived,inferred
"SNta04,SNta11",53,vnc_sensory,mechanosensory_tactile,mechanosensory bristle,ADMN,?53,touch,mechanosensory bristle,bristle deflection at contact,phasic deflection,Walker 2000; Corfas & Dudai,driven as contact,derived,inferred
SNta32,53,vnc_sensory,mechanosensory_tactile,mechanosensory bristle,MesoLN;MetaLN;ProLN,?53,touch,mechanosensory bristle,bristle deflection at contact,phasic deflection,Walker 2000; Corfas & Dudai,driven as contact,derived,inferred
SNta40,50,vnc_sensory,mechanosensory_tactile,mechanosensory bristle,MetaLN;ProLN,?50,touch,mechanosensory bristle,bristle deflection at contact,phasic deflection,Walker 2000; Corfas & Dudai,driven as contact,derived,inferred
SNta27,47,vnc_sensory,mechanosensory_tactile,mechanosensory bristle,MesoLN;MetaLN,?47,touch,mechanosensory bristle,bristle deflection at contact,phasic deflection,Walker 2000; Corfas & Dudai,driven as contact,derived,inferred
SNta35,43,vnc_sensory,mechanosensory_tactile,mechanosensory bristle,MesoLN,?43,touch,mechanosensory bristle,bristle deflection at contact,phasic deflection,Walker 2000; Corfas & Dudai,driven as contact,derived,inferred
"SNta11,SNta14",42,vnc_sensory,mechanosensory_tactile,mechanosensory bristle,ADMN,?42,touch,mechanosensory bristle,bristle deflection at contact,phasic deflection,Walker 2000; Corfas & Dudai,driven as contact,derived,inferred
BM_Taste,40,cb_sensory,mechanosensory,,MxLbN,?40,touch,"head bristle (BM_*: interommatidial, vibrissae, palp, haustellum, occipital)",bristle deflection at contact,phasic deflection,Eichler et al. head bristle atlas; Hampel 2015,none,derived,inferred
SNta23,40,vnc_sensory,mechanosensory_tactile,mechanosensory bristle,MesoLN;MetaLN,?40,touch,mechanosensory bristle,bristle deflection at contact,phasic deflection,Walker 2000; Corfas & Dudai,driven as contact,derived,inferred
SNta03,39,vnc_sensory,mechanosensory_tactile,mechanosensory bristle,DMetaN,?39,touch,mechanosensory bristle,bristle deflection at contact,phasic deflection,Walker 2000; Corfas & Dudai,driven as contact,derived,inferred
SNta44,36,vnc_sensory,unknown_sensory,mechanosensory bristle,MesoLN;MetaLN;ProLN,?36,touch,mechanosensory bristle,bristle deflection at contact,phasic deflection,Walker 2000; Corfas & Dudai,driven as contact,derived,inferred
SNta26,31,vnc_sensory,mechanosensory_tactile,mechanosensory bristle,MesoLN;MetaLN,?31,touch,mechanosensory bristle,bristle deflection at contact,phasic deflection,Walker 2000; Corfas & Dudai,driven as contact,derived,inferred
SNta45,31,vnc_sensory,mechanosensory_tactile,mechanosensory bristle,MesoLN;MetaLN;ProLN,?31,touch,mechanosensory bristle,bristle deflection at contact,phasic deflection,Walker 2000; Corfas & Dudai,driven as contact,derived,inferred
SNta07,30,vnc_sensory,mechanosensory_tactile,mechanosensory bristle,ADMN,?30,touch,mechanosensory bristle,bristle deflection at contact,phasic deflection,Walker 2000; Corfas & Dudai,driven as contact,derived,inferred
SNta19,28,vnc_sensory,mechanosensory_tactile,mechanosensory bristle,MesoLN;MetaLN;ProLN,?28,touch,mechanosensory bristle,bristle deflection at contact,phasic deflection,Walker 2000; Corfas & Dudai,driven as contact,derived,inferred
BM_vOcci_vPoOr,26,cb_sensory,mechanosensory,,MxLbN,?26,touch,"head bristle (BM_*: interommatidial, vibrissae, palp, haustellum, occipital)",bristle deflection at contact,phasic deflection,Eichler et al. head bristle atlas; Hampel 2015,none,derived,inferred
SNta33,25,vnc_sensory,mechanosensory_tactile,mechanosensory bristle,DProN;MesoLN,?25,touch,mechanosensory bristle,bristle deflection at contact,phasic deflection,Walker 2000; Corfas & Dudai,driven as contact,derived,inferred
SNta39,23,vnc_sensory,mechanosensory_tactile,mechanosensory bristle,MetaLN;ProLN,?23,touch,mechanosensory bristle,bristle deflection at contact,phasic deflection,Walker 2000; Corfas & Dudai,driven as contact,derived,inferred
BM_Vib,22,cb_sensory,mechanosensory,,MxLbN,?22,touch,"head bristle (BM_*: interommatidial, vibrissae, palp, haustellum, occipital)",bristle deflection at contact,phasic deflection,Eichler et al. head bristle atlas; Hampel 2015,none,derived,inferred
SNxx29,20,vnc_sensory,unknown_sensory,leg,MesoLN;MetaLN;ProLN,?20,touch,mechanosensory bristle,bristle deflection at contact,phasic deflection,Walker 2000; Corfas & Dudai,none,derived,inferred
SNtaxx,19,vnc_sensory,mechanosensory_tactile,leg,MesoLN;MetaLN,?19,touch,mechanosensory bristle,bristle deflection at contact,phasic deflection,Walker 2000; Corfas & Dudai,none,derived,inferred
BM_MaPa,15,cb_sensory,mechanosensory,,MxLbN,?15,touch,"head bristle (BM_*: interommatidial, vibrissae, palp, haustellum, occipital)",bristle deflection at contact,phasic deflection,Eichler et al. head bristle atlas; Hampel 2015,none,derived,inferred
"SNta19,SNta37",13,vnc_sensory,mechanosensory_tactile,mechanosensory bristle,MetaLN,?13,touch,mechanosensory bristle,bristle deflection at contact,phasic deflection,Walker 2000; Corfas & Dudai,driven as contact,derived,inferred
SAxx02,12,sensory_ascending,unknown_sensory,leg,DProN;MesoLN;MetaLN;ProLN,?12,touch,mechanosensory bristle,bristle deflection at contact,phasic deflection,Walker 2000; Corfas & Dudai,none,derived,inferred
SNta14,12,vnc_sensory,mechanosensory_tactile,mechanosensory bristle,ADMN,?12,touch,mechanosensory bristle,bristle deflection at contact,phasic deflection,Walker 2000; Corfas & Dudai,driven as contact,derived,inferred
SNta36,12,vnc_sensory,mechanosensory_tactile,mechanosensory bristle,MetaLN,?12,touch,mechanosensory bristle,bristle deflection at contact,phasic deflection,Walker 2000; Corfas & Dudai,driven as contact,derived,inferred
SNxx26,12,vnc_sensory,unknown_sensory,wing,ADMN,?12,touch,mechanosensory bristle,bristle deflection at contact,phasic deflection,Walker 2000; Corfas & Dudai,none,derived,inferred
SNta06,10,vnc_sensory,mechanosensory_tactile,mechanosensory bristle,ADMN,?10,touch,mechanosensory bristle,bristle deflection at contact,phasic deflection,Walker 2000; Corfas & Dudai,driven as contact,derived,inferred
SNxx25,10,vnc_sensory,unknown_sensory,wing,ADMN;DMetaN,?10,touch,mechanosensory bristle,bristle deflection at contact,phasic deflection,Walker 2000; Corfas & Dudai,none,derived,inferred
BM_Vt_PoOc,8,cb_sensory,mechanosensory,,ON,?8,touch,"head bristle (BM_*: interommatidial, vibrissae, palp, haustellum, occipital)",bristle deflection at contact,phasic deflection,Eichler et al. head bristle atlas; Hampel 2015,none,derived,inferred
"SNta22,SNta33",8,vnc_sensory,mechanosensory_tactile,mechanosensory bristle,MesoLN,?8,touch,mechanosensory bristle,bristle deflection at contact,phasic deflection,Walker 2000; Corfas & Dudai,driven as contact,derived,inferred
"SNta25,SNta30",8,vnc_sensory,mechanosensory_tactile,mechanosensory bristle,MesoLN,?8,touch,mechanosensory bristle,bristle deflection at contact,phasic deflection,Walker 2000; Corfas & Dudai,driven as contact,derived,inferred
"SNta27,SNta28",8,vnc_sensory,mechanosensory_tactile,mechanosensory bristle,MesoLN,?8,touch,mechanosensory bristle,bristle deflection at contact,phasic deflection,Walker 2000; Corfas & Dudai,driven as contact,derived,inferred
"SNta28,SNta44",8,vnc_sensory,mechanosensory_tactile,mechanosensory bristle,MesoLN,?8,touch,mechanosensory bristle,bristle deflection at contact,phasic deflection,Walker 2000; Corfas & Dudai,driven as contact,derived,inferred
BM_Hau,7,cb_sensory,mechanosensory,,MxLbN,?7,touch,"head bristle (BM_*: interommatidial, vibrissae, palp, haustellum, occipital)",bristle deflection at contact,phasic deflection,Eichler et al. head bristle atlas; Hampel 2015,none,derived,inferred
SNta05,6,vnc_sensory,mechanosensory_tactile,mechanosensory bristle,PDMN,?6,touch,mechanosensory bristle,bristle deflection at contact,phasic deflection,Walker 2000; Corfas & Dudai,driven as contact,derived,inferred
SNta13,6,vnc_sensory,mechanosensory_tactile,mechanosensory bristle,PDMN,?6,touch,mechanosensory bristle,bristle deflection at contact,phasic deflection,Walker 2000; Corfas & Dudai,driven as contact,derived,inferred
SNxx28,6,vnc_sensory,unknown_sensory,wing,ADMN;PDMN,?6,touch,mechanosensory bristle,bristle deflection at contact,phasic deflection,Walker 2000; Corfas & Dudai,none,derived,inferred
SNta12,5,vnc_sensory,mechanosensory_tactile,mechanosensory bristle,PDMN,?5,touch,mechanosensory bristle,bristle deflection at contact,phasic deflection,Walker 2000; Corfas & Dudai,driven as contact,derived,inferred
SNta22,5,vnc_sensory,mechanosensory_tactile,mechanosensory bristle,MesoLN,?5,touch,mechanosensory bristle,bristle deflection at contact,phasic deflection,Walker 2000; Corfas & Dudai,driven as contact,derived,inferred
SNxx30,5,vnc_sensory,unknown_sensory,leg,MesoLN;MetaLN;ProLN,?5,touch,mechanosensory bristle,bristle deflection at contact,phasic deflection,Walker 2000; Corfas & Dudai,none,derived,inferred
SNta10,4,vnc_sensory,mechanosensory_tactile,notum,PDMN,?4,touch,mechanosensory bristle,bristle deflection at contact,phasic deflection,Walker 2000; Corfas & Dudai,none,derived,inferred
"SNxx27,SNxx29",4,sensory_ascending,unknown_sensory,leg,DProN;PDMN,?4,touch,mechanosensory bristle,bristle deflection at contact,phasic deflection,Walker 2000; Corfas & Dudai,none,derived,inferred
"SNta22,SNta23",3,vnc_sensory,mechanosensory_tactile,mechanosensory bristle,MesoLN,?3,touch,mechanosensory bristle,bristle deflection at contact,phasic deflection,Walker 2000; Corfas & Dudai,driven as contact,derived,inferred
SNta02,2,vnc_sensory,mechanosensory_tactile,mechanosensory bristle,PDMN,?2,touch,mechanosensory bristle,bristle deflection at contact,phasic deflection,Walker 2000; Corfas & Dudai,driven as contact,derived,inferred
"SNta21,SNta38",2,vnc_sensory,mechanosensory_tactile,mechanosensory bristle,MetaLN,?2,touch,mechanosensory bristle,bristle deflection at contact,phasic deflection,Walker 2000; Corfas & Dudai,driven as contact,derived,inferred
SNxx24,2,vnc_sensory,unknown_sensory,wing,ADMN,?2,touch,mechanosensory bristle,bristle deflection at contact,phasic deflection,Walker 2000; Corfas & Dudai,none,derived,inferred
SNxx31,2,vnc_sensory,unknown_sensory,mechanosensory bristle,PDMN,?2,touch,mechanosensory bristle,bristle deflection at contact,phasic deflection,Walker 2000; Corfas & Dudai,driven as contact,derived,inferred
SNxx32,2,vnc_sensory,unknown_sensory,leg,MesoLN,?2,touch,mechanosensory bristle,bristle deflection at contact,phasic deflection,Walker 2000; Corfas & Dudai,none,derived,inferred
"SNta20,SNta29",1,vnc_sensory,mechanosensory_tactile,mechanosensory bristle,MetaLN,?1,touch,mechanosensory bristle,bristle deflection at contact,phasic deflection,Walker 2000; Corfas & Dudai,driven as contact,derived,inferred
SNta24,1,vnc_sensory,mechanosensory_tactile,leg,ProLN,?1,touch,mechanosensory bristle,bristle deflection at contact,phasic deflection,Walker 2000; Corfas & Dudai,none,derived,inferred
"SNta28,SNta29",1,vnc_sensory,mechanosensory_tactile,mechanosensory bristle,MetaLN,?1,touch,mechanosensory bristle,bristle deflection at contact,phasic deflection,Walker 2000; Corfas & Dudai,driven as contact,derived,inferred
"SNta28,SNta40",1,vnc_sensory,mechanosensory_tactile,leg,MetaLN,?1,touch,mechanosensory bristle,bristle deflection at contact,phasic deflection,Walker 2000; Corfas & Dudai,none,derived,inferred
"SNta31,SNta34",1,vnc_sensory,mechanosensory_tactile,mechanosensory bristle,MetaLN,?1,touch,mechanosensory bristle,bristle deflection at contact,phasic deflection,Walker 2000; Corfas & Dudai,driven as contact,derived,inferred
"SNta44,SNta45",1,vnc_sensory,mechanosensory_tactile,mechanosensory bristle,MetaLN,?1,touch,mechanosensory bristle,bristle deflection at contact,phasic deflection,Walker 2000; Corfas & Dudai,driven as contact,derived,inferred
untyped:unknown_sensory/abdomen,358,vnc_sensory,unknown_sensory,abdomen,AbN1;AbN2;AbN3;AbN4,?358,unknown,abdominal sensory,"unknown (candidates: stretch, chemical, reproductive)",unknown,none,none,unknown,unknown
SNxx03,186,vnc_sensory,unknown_sensory,abdomen,AbN3;AbN4,?186,unknown,abdominal sensory,"unknown (candidates: stretch, chemical, reproductive)",unknown,none,none,unknown,unknown
SNxx04,130,vnc_sensory,unknown_sensory,abdomen,AbN4;AbNT,?130,unknown,abdominal sensory,"unknown (candidates: stretch, chemical, reproductive)",unknown,none,none,unknown,unknown
SNxx14,66,vnc_sensory,unknown_sensory,abdomen,AbN3;AbN4,?66,unknown,abdominal sensory,"unknown (candidates: stretch, chemical, reproductive)",unknown,none,none,unknown,unknown
untyped:unknown_sensory/?,49,cb_sensory,unknown_sensory,,AN;MxLbN;PhN;aPhN,?49,unknown,"sensory, modality unknown",unknown,unknown,none,none,unknown,unknown
untyped:?/?,48,cb_sensory,,,AN;MesoLN;MxLbN;ON,?48,unknown,unassigned,unknown,unknown,none,none,unknown,unknown
SNxx06,37,vnc_sensory,unknown_sensory,abdomen,AbN3;AbN4,?37,unknown,abdominal sensory,"unknown (candidates: stretch, chemical, reproductive)",unknown,none,none,unknown,unknown
SNxx22,34,vnc_sensory,unknown_sensory,abdomen,AbN2,?34,unknown,abdominal sensory,"unknown (candidates: stretch, chemical, reproductive)",unknown,none,none,unknown,unknown
SNxx07,27,vnc_sensory,unknown_sensory,abdomen,AbNT,?27,unknown,abdominal sensory,"unknown (candidates: stretch, chemical, reproductive)",unknown,none,none,unknown,unknown
SNxx20,26,vnc_sensory,unknown_sensory,abdomen,AbN2;AbN3;AbN4;AbNT,?26,unknown,abdominal sensory,"unknown (candidates: stretch, chemical, reproductive)",unknown,none,none,unknown,unknown
SNxx02,25,vnc_sensory,unknown_sensory,abdomen,AbN4;AbNT,?25,unknown,abdominal sensory,"unknown (candidates: stretch, chemical, reproductive)",unknown,none,none,unknown,unknown
SNxx23,22,vnc_sensory,unknown_sensory,abdomen,AbNT,?22,unknown,abdominal sensory,"unknown (candidates: stretch, chemical, reproductive)",unknown,none,none,unknown,unknown
SNxx01,21,vnc_sensory,unknown_sensory,abdomen,AbN3;AbN4,?21,unknown,abdominal sensory,"unknown (candidates: stretch, chemical, reproductive)",unknown,none,none,unknown,unknown
GNG643,18,cb_sensory,unknown_sensory,,MxLbN,?18,unknown,"sensory, modality unknown",unknown,unknown,none,none,unknown,unknown
SNxx05,18,vnc_sensory,unknown_sensory,abdomen,AbN4,?18,unknown,abdominal sensory,"unknown (candidates: stretch, chemical, reproductive)",unknown,none,none,unknown,unknown
SNxx21,18,vnc_sensory,unknown_sensory,abdomen,AbN3;AbN4,?18,unknown,abdominal sensory,"unknown (candidates: stretch, chemical, reproductive)",unknown,none,none,unknown,unknown
SNxx19,14,vnc_sensory,unknown_sensory,abdomen,AbN2;AbN3;AbN4,?14,unknown,abdominal sensory,"unknown (candidates: stretch, chemical, reproductive)",unknown,none,none,unknown,unknown
SAxx01,13,sensory_ascending,unknown_sensory,abdomen,AbN2;AbN3;AbN4,?13,unknown,abdominal sensory,"unknown (candidates: stretch, chemical, reproductive)",unknown,none,none,unknown,unknown
SNxx11,11,vnc_sensory,unknown_sensory,abdomen,AbNT,?11,unknown,abdominal sensory,"unknown (candidates: stretch, chemical, reproductive)",unknown,none,none,unknown,unknown
SNxx15,10,vnc_sensory,unknown_sensory,abdomen,AbN2;AbN3;AbN4,?10,unknown,abdominal sensory,"unknown (candidates: stretch, chemical, reproductive)",unknown,none,none,unknown,unknown
untyped:mechanosensory_tbc/?,10,cb_sensory,mechanosensory_tbc,,MxLbN;PhN;aPhN,?10,unknown,unassigned,unknown,unknown,none,none,unknown,unknown
HBeyelet,7,ol_sensory,,,,L4;R3,unknown,unassigned,unknown,unknown,none,none,unknown,unknown
ENS1,6,cb_sensory,unknown_sensory,,PhN,?6,unknown,"sensory, modality unknown",unknown,unknown,none,none,unknown,unknown
ENS5,6,cb_sensory,unknown_sensory,,PhN,?6,unknown,"sensory, modality unknown",unknown,unknown,none,none,unknown,unknown
SNxx10,6,vnc_sensory,unknown_sensory,abdomen,AbNT,?6,unknown,abdominal sensory,"unknown (candidates: stretch, chemical, reproductive)",unknown,none,none,unknown,unknown
SNxx16,6,vnc_sensory,unknown_sensory,abdomen,AbN4,?6,unknown,abdominal sensory,"unknown (candidates: stretch, chemical, reproductive)",unknown,none,none,unknown,unknown
SNxx17,6,vnc_sensory,unknown_sensory,abdomen,AbNT,?6,unknown,abdominal sensory,"unknown (candidates: stretch, chemical, reproductive)",unknown,none,none,unknown,unknown
ENS3,5,cb_sensory,unknown_sensory,,PhN,?5,unknown,"sensory, modality unknown",unknown,unknown,none,none,unknown,unknown
ENS4,5,cb_sensory,unknown_sensory,,PhN,?5,unknown,"sensory, modality unknown",unknown,unknown,none,none,unknown,unknown
SNxx08,5,vnc_sensory,unknown_sensory,abdomen,AbNT,?5,unknown,abdominal sensory,"unknown (candidates: stretch, chemical, reproductive)",unknown,none,none,unknown,unknown
DNx02,4,sensory_descending,unknown_sensory,,ON,?4,unknown,"sensory, modality unknown",unknown,unknown,none,none,unknown,unknown
ENS2,4,cb_sensory,unknown_sensory,,PhN,?4,unknown,"sensory, modality unknown",unknown,unknown,none,none,unknown,unknown
LN-DN2,4,sensory_descending,unknown_sensory,,MxLbN,?4,unknown,"sensory, modality unknown",unknown,unknown,none,none,unknown,unknown
CB4246,2,cb_sensory,unknown_sensory,,AN,?2,unknown,"sensory, modality unknown",unknown,unknown,none,none,unknown,unknown
DNx01,2,sensory_descending,unknown_sensory,,AN,?2,unknown,"sensory, modality unknown",unknown,unknown,none,none,unknown,unknown
GNG644,2,cb_sensory,unknown_sensory,,MxLbN,?2,unknown,"sensory, modality unknown",unknown,unknown,none,none,unknown,unknown
GNG654,2,cb_sensory,unknown_sensory,,MxLbN,?2,unknown,"sensory, modality unknown",unknown,unknown,none,none,unknown,unknown
GNG655,2,cb_sensory,unknown_sensory,,MxLbN,?2,unknown,"sensory, modality unknown",unknown,unknown,none,none,unknown,unknown
LN-DN1,2,sensory_descending,unknown_sensory,,MxLbN,?2,unknown,"sensory, modality unknown",unknown,unknown,none,none,unknown,unknown
SNxx09,2,vnc_sensory,unknown_sensory,abdomen,AbNT,?2,unknown,abdominal sensory,"unknown (candidates: stretch, chemical, reproductive)",unknown,none,none,unknown,unknown
untyped:unknown_sensory/neck,1,vnc_sensory,unknown_sensory,neck,PrN,?1,unknown,"sensory, modality unknown",unknown,unknown,none,none,unknown,unknown
R1-R6,3377,ol_sensory,visual,,,?3364;R9;L4,vision,compound eye R1-R6,"irradiance per ommatidium, Rh1 spectrum",graded phototransduction,opsin spectra; Juusola/Hardie recordings,"partial: luminance, non-retinotopic",derived,inferred
R7y,482,ol_sensory,visual,,,?482,vision,compound eye R7/R8,"irradiance per ommatidium, Rh3-Rh6 spectra",graded phototransduction,opsin spectra,"partial: luminance, non-retinotopic",derived,inferred
R8y,481,ol_sensory,visual,,,?476;L5,vision,compound eye R7/R8,"irradiance per ommatidium, Rh3-Rh6 spectra",graded phototransduction,opsin spectra,"partial: luminance, non-retinotopic",derived,inferred
R8_unclear,442,ol_sensory,visual,,,?440;L2,vision,compound eye R7/R8,"irradiance per ommatidium, Rh3-Rh6 spectra",graded phototransduction,opsin spectra,"partial: luminance, non-retinotopic",derived,inferred
R7_unclear,404,ol_sensory,visual,,,?402;R1;L1,vision,compound eye R7/R8,"irradiance per ommatidium, Rh3-Rh6 spectra",graded phototransduction,opsin spectra,"partial: luminance, non-retinotopic",derived,inferred
R7p,332,ol_sensory,visual,,,?332,vision,compound eye R7/R8,"irradiance per ommatidium, Rh3-Rh6 spectra",graded phototransduction,opsin spectra,"partial: luminance, non-retinotopic",derived,inferred
R8p,330,ol_sensory,visual,,,?327;L3,vision,compound eye R7/R8,"irradiance per ommatidium, Rh3-Rh6 spectra",graded phototransduction,opsin spectra,"partial: luminance, non-retinotopic",derived,inferred
R7R8_unclear,85,ol_sensory,visual,,,?85,vision,compound eye R7/R8,"irradiance per ommatidium, Rh3-Rh6 spectra",graded phototransduction,opsin spectra,"partial: luminance, non-retinotopic",derived,inferred
R7d,82,ol_sensory,visual,,,?82,vision,dorsal rim R7/R8,"polarised skylight, UV/blue",graded phototransduction,Weir/Wernet recordings,partial: luminance only,derived,inferred
R8d,76,ol_sensory,visual,,,?72;L4,vision,dorsal rim R7/R8,"polarised skylight, UV/blue",graded phototransduction,Weir/Wernet recordings,partial: luminance only,derived,inferred
