type,param,value,units,basis,source,justification
bodyId:15616,input_gain,0.7188,dimensionless,guessed,male-cns ring-internal synapse counts (>=5) per cell,"s8 screen: homeostatic normalisation, each ring cell receives its type-mean total ring-internal input"
bodyId:513284,input_gain,0.7201,dimensionless,guessed,male-cns ring-internal synapse counts (>=5) per cell,"s8 screen: homeostatic normalisation, each ring cell receives its type-mean total ring-internal input"
bodyId:19760,input_gain,0.7222,dimensionless,guessed,male-cns ring-internal synapse counts (>=5) per cell,"s8 screen: homeostatic normalisation, each ring cell receives its type-mean total ring-internal input"
bodyId:21932,input_gain,0.7811,dimensionless,guessed,male-cns ring-internal synapse counts (>=5) per cell,"s8 screen: homeostatic normalisation, each ring cell receives its type-mean total ring-internal input"
bodyId:520581,input_gain,0.7843,dimensionless,guessed,male-cns ring-internal synapse counts (>=5) per cell,"s8 screen: homeostatic normalisation, each ring cell receives its type-mean total ring-internal input"
bodyId:512928,input_gain,0.7851,dimensionless,guessed,male-cns ring-internal synapse counts (>=5) per cell,"s8 screen: homeostatic normalisation, each ring cell receives its type-mean total ring-internal input"
bodyId:513283,input_gain,0.7931,dimensionless,guessed,male-cns ring-internal synapse counts (>=5) per cell,"s8 screen: homeostatic normalisation, each ring cell receives its type-mean total ring-internal input"
bodyId:18779,input_gain,0.7989,dimensionless,guessed,male-cns ring-internal synapse counts (>=5) per cell,"s8 screen: homeostatic normalisation, each ring cell receives its type-mean total ring-internal input"
bodyId:11184,input_gain,0.8087,dimensionless,guessed,male-cns ring-internal synapse counts (>=5) per cell,"s8 screen: homeostatic normalisation, each ring cell receives its type-mean total ring-internal input"
bodyId:520818,input_gain,0.8143,dimensionless,guessed,male-cns ring-internal synapse counts (>=5) per cell,"s8 screen: homeostatic normalisation, each ring cell receives its type-mean total ring-internal input"
bodyId:523786,input_gain,0.8159,dimensionless,guessed,male-cns ring-internal synapse counts (>=5) per cell,"s8 screen: homeostatic normalisation, each ring cell receives its type-mean total ring-internal input"
bodyId:512927,input_gain,0.8253,dimensionless,guessed,male-cns ring-internal synapse counts (>=5) per cell,"s8 screen: homeostatic normalisation, each ring cell receives its type-mean total ring-internal input"
bodyId:529385,input_gain,0.8275,dimensionless,guessed,male-cns ring-internal synapse counts (>=5) per cell,"s8 screen: homeostatic normalisation, each ring cell receives its type-mean total ring-internal input"
bodyId:22240,input_gain,0.8288,dimensionless,guessed,male-cns ring-internal synapse counts (>=5) per cell,"s8 screen: homeostatic normalisation, each ring cell receives its type-mean total ring-internal input"
bodyId:512513,input_gain,0.8353,dimensionless,guessed,male-cns ring-internal synapse counts (>=5) per cell,"s8 screen: homeostatic normalisation, each ring cell receives its type-mean total ring-internal input"
bodyId:12358,input_gain,0.8379,dimensionless,guessed,male-cns ring-internal synapse counts (>=5) per cell,"s8 screen: homeostatic normalisation, each ring cell receives its type-mean total ring-internal input"
bodyId:521813,input_gain,0.8458,dimensionless,guessed,male-cns ring-internal synapse counts (>=5) per cell,"s8 screen: homeostatic normalisation, each ring cell receives its type-mean total ring-internal input"
bodyId:15176,input_gain,0.8472,dimensionless,guessed,male-cns ring-internal synapse counts (>=5) per cell,"s8 screen: homeostatic normalisation, each ring cell receives its type-mean total ring-internal input"
bodyId:26443,input_gain,0.8487,dimensionless,guessed,male-cns ring-internal synapse counts (>=5) per cell,"s8 screen: homeostatic normalisation, each ring cell receives its type-mean total ring-internal input"
bodyId:19189,input_gain,0.849,dimensionless,guessed,male-cns ring-internal synapse counts (>=5) per cell,"s8 screen: homeostatic normalisation, each ring cell receives its type-mean total ring-internal input"
bodyId:513517,input_gain,0.852,dimensionless,guessed,male-cns ring-internal synapse counts (>=5) per cell,"s8 screen: homeostatic normalisation, each ring cell receives its type-mean total ring-internal input"
bodyId:519941,input_gain,0.8529,dimensionless,guessed,male-cns ring-internal synapse counts (>=5) per cell,"s8 screen: homeostatic normalisation, each ring cell receives its type-mean total ring-internal input"
bodyId:24382,input_gain,0.8587,dimensionless,guessed,male-cns ring-internal synapse counts (>=5) per cell,"s8 screen: homeostatic normalisation, each ring cell receives its type-mean total ring-internal input"
bodyId:11307,input_gain,0.8611,dimensionless,guessed,male-cns ring-internal synapse counts (>=5) per cell,"s8 screen: homeostatic normalisation, each ring cell receives its type-mean total ring-internal input"
bodyId:10539,input_gain,0.8638,dimensionless,guessed,male-cns ring-internal synapse counts (>=5) per cell,"s8 screen: homeostatic normalisation, each ring cell receives its type-mean total ring-internal input"
bodyId:515294,input_gain,0.8676,dimensionless,guessed,male-cns ring-internal synapse counts (>=5) per cell,"s8 screen: homeostatic normalisation, each ring cell receives its type-mean total ring-internal input"
bodyId:14727;519140,input_gain,0.8703,dimensionless,guessed,male-cns ring-internal synapse counts (>=5) per cell,"s8 screen: homeostatic normalisation, each ring cell receives its type-mean total ring-internal input"
bodyId:40390,input_gain,0.8712,dimensionless,guessed,male-cns ring-internal synapse counts (>=5) per cell,"s8 screen: homeostatic normalisation, each ring cell receives its type-mean total ring-internal input"
bodyId:15839,input_gain,0.8725,dimensionless,guessed,male-cns ring-internal synapse counts (>=5) per cell,"s8 screen: homeostatic normalisation, each ring cell receives its type-mean total ring-internal input"
bodyId:76194,input_gain,0.874,dimensionless,guessed,male-cns ring-internal synapse counts (>=5) per cell,"s8 screen: homeostatic normalisation, each ring cell receives its type-mean total ring-internal input"
bodyId:521814,input_gain,0.8759,dimensionless,guessed,male-cns ring-internal synapse counts (>=5) per cell,"s8 screen: homeostatic normalisation, each ring cell receives its type-mean total ring-internal input"
bodyId:14816;15409,input_gain,0.881,dimensionless,guessed,male-cns ring-internal synapse counts (>=5) per cell,"s8 screen: homeostatic normalisation, each ring cell receives its type-mean total ring-internal input"
bodyId:84758,input_gain,0.8875,dimensionless,guessed,male-cns ring-internal synapse counts (>=5) per cell,"s8 screen: homeostatic normalisation, each ring cell receives its type-mean total ring-internal input"
bodyId:11989,input_gain,0.8954,dimensionless,guessed,male-cns ring-internal synapse counts (>=5) per cell,"s8 screen: homeostatic normalisation, each ring cell receives its type-mean total ring-internal input"
bodyId:519328,input_gain,0.9004,dimensionless,guessed,male-cns ring-internal synapse counts (>=5) per cell,"s8 screen: homeostatic normalisation, each ring cell receives its type-mean total ring-internal input"
bodyId:523807,input_gain,0.9012,dimensionless,guessed,male-cns ring-internal synapse counts (>=5) per cell,"s8 screen: homeostatic normalisation, each ring cell receives its type-mean total ring-internal input"
bodyId:513520,input_gain,0.9024,dimensionless,guessed,male-cns ring-internal synapse counts (>=5) per cell,"s8 screen: homeostatic normalisation, each ring cell receives its type-mean total ring-internal input"
bodyId:20818,input_gain,0.9047,dimensionless,guessed,male-cns ring-internal synapse counts (>=5) per cell,"s8 screen: homeostatic normalisation, each ring cell receives its type-mean total ring-internal input"
bodyId:18504,input_gain,0.9111,dimensionless,guessed,male-cns ring-internal synapse counts (>=5) per cell,"s8 screen: homeostatic normalisation, each ring cell receives its type-mean total ring-internal input"
bodyId:39413,input_gain,0.9168,dimensionless,guessed,male-cns ring-internal synapse counts (>=5) per cell,"s8 screen: homeostatic normalisation, each ring cell receives its type-mean total ring-internal input"
bodyId:14509,input_gain,0.9199,dimensionless,guessed,male-cns ring-internal synapse counts (>=5) per cell,"s8 screen: homeostatic normalisation, each ring cell receives its type-mean total ring-internal input"
bodyId:522973,input_gain,0.9226,dimensionless,guessed,male-cns ring-internal synapse counts (>=5) per cell,"s8 screen: homeostatic normalisation, each ring cell receives its type-mean total ring-internal input"
bodyId:88342,input_gain,0.9272,dimensionless,guessed,male-cns ring-internal synapse counts (>=5) per cell,"s8 screen: homeostatic normalisation, each ring cell receives its type-mean total ring-internal input"
bodyId:18823,input_gain,0.931,dimensionless,guessed,male-cns ring-internal synapse counts (>=5) per cell,"s8 screen: homeostatic normalisation, each ring cell receives its type-mean total ring-internal input"
bodyId:39813,input_gain,0.9318,dimensionless,guessed,male-cns ring-internal synapse counts (>=5) per cell,"s8 screen: homeostatic normalisation, each ring cell receives its type-mean total ring-internal input"
bodyId:23273,input_gain,0.9342,dimensionless,guessed,male-cns ring-internal synapse counts (>=5) per cell,"s8 screen: homeostatic normalisation, each ring cell receives its type-mean total ring-internal input"
bodyId:15904,input_gain,0.9399,dimensionless,guessed,male-cns ring-internal synapse counts (>=5) per cell,"s8 screen: homeostatic normalisation, each ring cell receives its type-mean total ring-internal input"
bodyId:18419,input_gain,0.9411,dimensionless,guessed,male-cns ring-internal synapse counts (>=5) per cell,"s8 screen: homeostatic normalisation, each ring cell receives its type-mean total ring-internal input"
bodyId:556346,input_gain,0.9423,dimensionless,guessed,male-cns ring-internal synapse counts (>=5) per cell,"s8 screen: homeostatic normalisation, each ring cell receives its type-mean total ring-internal input"
bodyId:513463,input_gain,0.9478,dimensionless,guessed,male-cns ring-internal synapse counts (>=5) per cell,"s8 screen: homeostatic normalisation, each ring cell receives its type-mean total ring-internal input"
bodyId:15495,input_gain,0.9481,dimensionless,guessed,male-cns ring-internal synapse counts (>=5) per cell,"s8 screen: homeostatic normalisation, each ring cell receives its type-mean total ring-internal input"
bodyId:520575,input_gain,0.9496,dimensionless,guessed,male-cns ring-internal synapse counts (>=5) per cell,"s8 screen: homeostatic normalisation, each ring cell receives its type-mean total ring-internal input"
bodyId:15399,input_gain,0.9506,dimensionless,guessed,male-cns ring-internal synapse counts (>=5) per cell,"s8 screen: homeostatic normalisation, each ring cell receives its type-mean total ring-internal input"
bodyId:17024,input_gain,0.9514,dimensionless,guessed,male-cns ring-internal synapse counts (>=5) per cell,"s8 screen: homeostatic normalisation, each ring cell receives its type-mean total ring-internal input"
bodyId:522994,input_gain,0.9523,dimensionless,guessed,male-cns ring-internal synapse counts (>=5) per cell,"s8 screen: homeostatic normalisation, each ring cell receives its type-mean total ring-internal input"
bodyId:18932,input_gain,0.9533,dimensionless,guessed,male-cns ring-internal synapse counts (>=5) per cell,"s8 screen: homeostatic normalisation, each ring cell receives its type-mean total ring-internal input"
bodyId:11987,input_gain,0.9545,dimensionless,guessed,male-cns ring-internal synapse counts (>=5) per cell,"s8 screen: homeostatic normalisation, each ring cell receives its type-mean total ring-internal input"
bodyId:515675,input_gain,0.9556,dimensionless,guessed,male-cns ring-internal synapse counts (>=5) per cell,"s8 screen: homeostatic normalisation, each ring cell receives its type-mean total ring-internal input"
bodyId:523806,input_gain,0.9558,dimensionless,guessed,male-cns ring-internal synapse counts (>=5) per cell,"s8 screen: homeostatic normalisation, each ring cell receives its type-mean total ring-internal input"
bodyId:15654,input_gain,0.9573,dimensionless,guessed,male-cns ring-internal synapse counts (>=5) per cell,"s8 screen: homeostatic normalisation, each ring cell receives its type-mean total ring-internal input"
bodyId:18744,input_gain,0.9598,dimensionless,guessed,male-cns ring-internal synapse counts (>=5) per cell,"s8 screen: homeostatic normalisation, each ring cell receives its type-mean total ring-internal input"
bodyId:533725,input_gain,0.9624,dimensionless,guessed,male-cns ring-internal synapse counts (>=5) per cell,"s8 screen: homeostatic normalisation, each ring cell receives its type-mean total ring-internal input"
bodyId:525062,input_gain,0.9637,dimensionless,guessed,male-cns ring-internal synapse counts (>=5) per cell,"s8 screen: homeostatic normalisation, each ring cell receives its type-mean total ring-internal input"
bodyId:81159,input_gain,0.9701,dimensionless,guessed,male-cns ring-internal synapse counts (>=5) per cell,"s8 screen: homeostatic normalisation, each ring cell receives its type-mean total ring-internal input"
bodyId:517417,input_gain,0.9702,dimensionless,guessed,male-cns ring-internal synapse counts (>=5) per cell,"s8 screen: homeostatic normalisation, each ring cell receives its type-mean total ring-internal input"
bodyId:16540,input_gain,0.9728,dimensionless,guessed,male-cns ring-internal synapse counts (>=5) per cell,"s8 screen: homeostatic normalisation, each ring cell receives its type-mean total ring-internal input"
bodyId:20007,input_gain,0.9832,dimensionless,guessed,male-cns ring-internal synapse counts (>=5) per cell,"s8 screen: homeostatic normalisation, each ring cell receives its type-mean total ring-internal input"
bodyId:16110,input_gain,0.9852,dimensionless,guessed,male-cns ring-internal synapse counts (>=5) per cell,"s8 screen: homeostatic normalisation, each ring cell receives its type-mean total ring-internal input"
bodyId:15837,input_gain,0.9878,dimensionless,guessed,male-cns ring-internal synapse counts (>=5) per cell,"s8 screen: homeostatic normalisation, each ring cell receives its type-mean total ring-internal input"
bodyId:15713,input_gain,0.9907,dimensionless,guessed,male-cns ring-internal synapse counts (>=5) per cell,"s8 screen: homeostatic normalisation, each ring cell receives its type-mean total ring-internal input"
bodyId:556347,input_gain,0.9932,dimensionless,guessed,male-cns ring-internal synapse counts (>=5) per cell,"s8 screen: homeostatic normalisation, each ring cell receives its type-mean total ring-internal input"
bodyId:514126;11874,input_gain,0.9981,dimensionless,guessed,male-cns ring-internal synapse counts (>=5) per cell,"s8 screen: homeostatic normalisation, each ring cell receives its type-mean total ring-internal input"
bodyId:35324,input_gain,0.9997,dimensionless,guessed,male-cns ring-internal synapse counts (>=5) per cell,"s8 screen: homeostatic normalisation, each ring cell receives its type-mean total ring-internal input"
bodyId:15851,input_gain,1.0034,dimensionless,guessed,male-cns ring-internal synapse counts (>=5) per cell,"s8 screen: homeostatic normalisation, each ring cell receives its type-mean total ring-internal input"
bodyId:514045,input_gain,1.0035,dimensionless,guessed,male-cns ring-internal synapse counts (>=5) per cell,"s8 screen: homeostatic normalisation, each ring cell receives its type-mean total ring-internal input"
bodyId:16360,input_gain,1.0156,dimensionless,guessed,male-cns ring-internal synapse counts (>=5) per cell,"s8 screen: homeostatic normalisation, each ring cell receives its type-mean total ring-internal input"
bodyId:529318,input_gain,1.0175,dimensionless,guessed,male-cns ring-internal synapse counts (>=5) per cell,"s8 screen: homeostatic normalisation, each ring cell receives its type-mean total ring-internal input"
bodyId:15398,input_gain,1.0204,dimensionless,guessed,male-cns ring-internal synapse counts (>=5) per cell,"s8 screen: homeostatic normalisation, each ring cell receives its type-mean total ring-internal input"
bodyId:522992,input_gain,1.0247,dimensionless,guessed,male-cns ring-internal synapse counts (>=5) per cell,"s8 screen: homeostatic normalisation, each ring cell receives its type-mean total ring-internal input"
bodyId:17804,input_gain,1.0272,dimensionless,guessed,male-cns ring-internal synapse counts (>=5) per cell,"s8 screen: homeostatic normalisation, each ring cell receives its type-mean total ring-internal input"
bodyId:16553,input_gain,1.0301,dimensionless,guessed,male-cns ring-internal synapse counts (>=5) per cell,"s8 screen: homeostatic normalisation, each ring cell receives its type-mean total ring-internal input"
bodyId:515961,input_gain,1.0311,dimensionless,guessed,male-cns ring-internal synapse counts (>=5) per cell,"s8 screen: homeostatic normalisation, each ring cell receives its type-mean total ring-internal input"
bodyId:511841,input_gain,1.0321,dimensionless,guessed,male-cns ring-internal synapse counts (>=5) per cell,"s8 screen: homeostatic normalisation, each ring cell receives its type-mean total ring-internal input"
bodyId:11503,input_gain,1.0324,dimensionless,guessed,male-cns ring-internal synapse counts (>=5) per cell,"s8 screen: homeostatic normalisation, each ring cell receives its type-mean total ring-internal input"
bodyId:17753,input_gain,1.035,dimensionless,guessed,male-cns ring-internal synapse counts (>=5) per cell,"s8 screen: homeostatic normalisation, each ring cell receives its type-mean total ring-internal input"
bodyId:513033,input_gain,1.0364,dimensionless,guessed,male-cns ring-internal synapse counts (>=5) per cell,"s8 screen: homeostatic normalisation, each ring cell receives its type-mean total ring-internal input"
bodyId:12449,input_gain,1.0377,dimensionless,guessed,male-cns ring-internal synapse counts (>=5) per cell,"s8 screen: homeostatic normalisation, each ring cell receives its type-mean total ring-internal input"
bodyId:17143,input_gain,1.038,dimensionless,guessed,male-cns ring-internal synapse counts (>=5) per cell,"s8 screen: homeostatic normalisation, each ring cell receives its type-mean total ring-internal input"
bodyId:19825,input_gain,1.0404,dimensionless,guessed,male-cns ring-internal synapse counts (>=5) per cell,"s8 screen: homeostatic normalisation, each ring cell receives its type-mean total ring-internal input"
bodyId:100809,input_gain,1.043,dimensionless,guessed,male-cns ring-internal synapse counts (>=5) per cell,"s8 screen: homeostatic normalisation, each ring cell receives its type-mean total ring-internal input"
bodyId:42059,input_gain,1.0449,dimensionless,guessed,male-cns ring-internal synapse counts (>=5) per cell,"s8 screen: homeostatic normalisation, each ring cell receives its type-mean total ring-internal input"
bodyId:14806,input_gain,1.0501,dimensionless,guessed,male-cns ring-internal synapse counts (>=5) per cell,"s8 screen: homeostatic normalisation, each ring cell receives its type-mean total ring-internal input"
bodyId:524074,input_gain,1.0511,dimensionless,guessed,male-cns ring-internal synapse counts (>=5) per cell,"s8 screen: homeostatic normalisation, each ring cell receives its type-mean total ring-internal input"
bodyId:524073,input_gain,1.0512,dimensionless,guessed,male-cns ring-internal synapse counts (>=5) per cell,"s8 screen: homeostatic normalisation, each ring cell receives its type-mean total ring-internal input"
bodyId:519332,input_gain,1.0531,dimensionless,guessed,male-cns ring-internal synapse counts (>=5) per cell,"s8 screen: homeostatic normalisation, each ring cell receives its type-mean total ring-internal input"
bodyId:39753,input_gain,1.0544,dimensionless,guessed,male-cns ring-internal synapse counts (>=5) per cell,"s8 screen: homeostatic normalisation, each ring cell receives its type-mean total ring-internal input"
bodyId:16180,input_gain,1.0552,dimensionless,guessed,male-cns ring-internal synapse counts (>=5) per cell,"s8 screen: homeostatic normalisation, each ring cell receives its type-mean total ring-internal input"
bodyId:16234;16476,input_gain,1.0572,dimensionless,guessed,male-cns ring-internal synapse counts (>=5) per cell,"s8 screen: homeostatic normalisation, each ring cell receives its type-mean total ring-internal input"
bodyId:511844,input_gain,1.0601,dimensionless,guessed,male-cns ring-internal synapse counts (>=5) per cell,"s8 screen: homeostatic normalisation, each ring cell receives its type-mean total ring-internal input"
bodyId:23619,input_gain,1.0619,dimensionless,guessed,male-cns ring-internal synapse counts (>=5) per cell,"s8 screen: homeostatic normalisation, each ring cell receives its type-mean total ring-internal input"
bodyId:512514,input_gain,1.065,dimensionless,guessed,male-cns ring-internal synapse counts (>=5) per cell,"s8 screen: homeostatic normalisation, each ring cell receives its type-mean total ring-internal input"
bodyId:107195,input_gain,1.0664,dimensionless,guessed,male-cns ring-internal synapse counts (>=5) per cell,"s8 screen: homeostatic normalisation, each ring cell receives its type-mean total ring-internal input"
bodyId:568155;10513,input_gain,1.0719,dimensionless,guessed,male-cns ring-internal synapse counts (>=5) per cell,"s8 screen: homeostatic normalisation, each ring cell receives its type-mean total ring-internal input"
bodyId:520812,input_gain,1.0764,dimensionless,guessed,male-cns ring-internal synapse counts (>=5) per cell,"s8 screen: homeostatic normalisation, each ring cell receives its type-mean total ring-internal input"
bodyId:512305,input_gain,1.0894,dimensionless,guessed,male-cns ring-internal synapse counts (>=5) per cell,"s8 screen: homeostatic normalisation, each ring cell receives its type-mean total ring-internal input"
bodyId:32258,input_gain,1.0933,dimensionless,guessed,male-cns ring-internal synapse counts (>=5) per cell,"s8 screen: homeostatic normalisation, each ring cell receives its type-mean total ring-internal input"
bodyId:512793,input_gain,1.098,dimensionless,guessed,male-cns ring-internal synapse counts (>=5) per cell,"s8 screen: homeostatic normalisation, each ring cell receives its type-mean total ring-internal input"
bodyId:19125,input_gain,1.0983,dimensionless,guessed,male-cns ring-internal synapse counts (>=5) per cell,"s8 screen: homeostatic normalisation, each ring cell receives its type-mean total ring-internal input"
bodyId:17379,input_gain,1.0991,dimensionless,guessed,male-cns ring-internal synapse counts (>=5) per cell,"s8 screen: homeostatic normalisation, each ring cell receives its type-mean total ring-internal input"
bodyId:27296,input_gain,1.1024,dimensionless,guessed,male-cns ring-internal synapse counts (>=5) per cell,"s8 screen: homeostatic normalisation, each ring cell receives its type-mean total ring-internal input"
bodyId:92188,input_gain,1.1028,dimensionless,guessed,male-cns ring-internal synapse counts (>=5) per cell,"s8 screen: homeostatic normalisation, each ring cell receives its type-mean total ring-internal input"
bodyId:13217,input_gain,1.1043,dimensionless,guessed,male-cns ring-internal synapse counts (>=5) per cell,"s8 screen: homeostatic normalisation, each ring cell receives its type-mean total ring-internal input"
bodyId:16008,input_gain,1.1043,dimensionless,guessed,male-cns ring-internal synapse counts (>=5) per cell,"s8 screen: homeostatic normalisation, each ring cell receives its type-mean total ring-internal input"
bodyId:514405,input_gain,1.112,dimensionless,guessed,male-cns ring-internal synapse counts (>=5) per cell,"s8 screen: homeostatic normalisation, each ring cell receives its type-mean total ring-internal input"
bodyId:18639,input_gain,1.1137,dimensionless,guessed,male-cns ring-internal synapse counts (>=5) per cell,"s8 screen: homeostatic normalisation, each ring cell receives its type-mean total ring-internal input"
bodyId:131313,input_gain,1.118,dimensionless,guessed,male-cns ring-internal synapse counts (>=5) per cell,"s8 screen: homeostatic normalisation, each ring cell receives its type-mean total ring-internal input"
bodyId:513464,input_gain,1.1211,dimensionless,guessed,male-cns ring-internal synapse counts (>=5) per cell,"s8 screen: homeostatic normalisation, each ring cell receives its type-mean total ring-internal input"
bodyId:26417,input_gain,1.1219,dimensionless,guessed,male-cns ring-internal synapse counts (>=5) per cell,"s8 screen: homeostatic normalisation, each ring cell receives its type-mean total ring-internal input"
bodyId:55527,input_gain,1.1337,dimensionless,guessed,male-cns ring-internal synapse counts (>=5) per cell,"s8 screen: homeostatic normalisation, each ring cell receives its type-mean total ring-internal input"
bodyId:45969,input_gain,1.1366,dimensionless,guessed,male-cns ring-internal synapse counts (>=5) per cell,"s8 screen: homeostatic normalisation, each ring cell receives its type-mean total ring-internal input"
bodyId:434891,input_gain,1.1383,dimensionless,guessed,male-cns ring-internal synapse counts (>=5) per cell,"s8 screen: homeostatic normalisation, each ring cell receives its type-mean total ring-internal input"
bodyId:535347,input_gain,1.1455,dimensionless,guessed,male-cns ring-internal synapse counts (>=5) per cell,"s8 screen: homeostatic normalisation, each ring cell receives its type-mean total ring-internal input"
bodyId:16412,input_gain,1.1492,dimensionless,guessed,male-cns ring-internal synapse counts (>=5) per cell,"s8 screen: homeostatic normalisation, each ring cell receives its type-mean total ring-internal input"
bodyId:519144,input_gain,1.153,dimensionless,guessed,male-cns ring-internal synapse counts (>=5) per cell,"s8 screen: homeostatic normalisation, each ring cell receives its type-mean total ring-internal input"
bodyId:518194,input_gain,1.1557,dimensionless,guessed,male-cns ring-internal synapse counts (>=5) per cell,"s8 screen: homeostatic normalisation, each ring cell receives its type-mean total ring-internal input"
bodyId:16869,input_gain,1.1602,dimensionless,guessed,male-cns ring-internal synapse counts (>=5) per cell,"s8 screen: homeostatic normalisation, each ring cell receives its type-mean total ring-internal input"
bodyId:521409,input_gain,1.163,dimensionless,guessed,male-cns ring-internal synapse counts (>=5) per cell,"s8 screen: homeostatic normalisation, each ring cell receives its type-mean total ring-internal input"
bodyId:519331,input_gain,1.1869,dimensionless,guessed,male-cns ring-internal synapse counts (>=5) per cell,"s8 screen: homeostatic normalisation, each ring cell receives its type-mean total ring-internal input"
bodyId:514125,input_gain,1.1903,dimensionless,guessed,male-cns ring-internal synapse counts (>=5) per cell,"s8 screen: homeostatic normalisation, each ring cell receives its type-mean total ring-internal input"
bodyId:34949,input_gain,1.2115,dimensionless,guessed,male-cns ring-internal synapse counts (>=5) per cell,"s8 screen: homeostatic normalisation, each ring cell receives its type-mean total ring-internal input"
bodyId:25184,input_gain,1.2132,dimensionless,guessed,male-cns ring-internal synapse counts (>=5) per cell,"s8 screen: homeostatic normalisation, each ring cell receives its type-mean total ring-internal input"
bodyId:29135,input_gain,1.2174,dimensionless,guessed,male-cns ring-internal synapse counts (>=5) per cell,"s8 screen: homeostatic normalisation, each ring cell receives its type-mean total ring-internal input"
bodyId:30310,input_gain,1.2201,dimensionless,guessed,male-cns ring-internal synapse counts (>=5) per cell,"s8 screen: homeostatic normalisation, each ring cell receives its type-mean total ring-internal input"
bodyId:524717,input_gain,1.2229,dimensionless,guessed,male-cns ring-internal synapse counts (>=5) per cell,"s8 screen: homeostatic normalisation, each ring cell receives its type-mean total ring-internal input"
bodyId:30807,input_gain,1.2313,dimensionless,guessed,male-cns ring-internal synapse counts (>=5) per cell,"s8 screen: homeostatic normalisation, each ring cell receives its type-mean total ring-internal input"
bodyId:521812,input_gain,1.2358,dimensionless,guessed,male-cns ring-internal synapse counts (>=5) per cell,"s8 screen: homeostatic normalisation, each ring cell receives its type-mean total ring-internal input"
bodyId:28791,input_gain,1.2428,dimensionless,guessed,male-cns ring-internal synapse counts (>=5) per cell,"s8 screen: homeostatic normalisation, each ring cell receives its type-mean total ring-internal input"
bodyId:25792,input_gain,1.2507,dimensionless,guessed,male-cns ring-internal synapse counts (>=5) per cell,"s8 screen: homeostatic normalisation, each ring cell receives its type-mean total ring-internal input"
bodyId:53086,input_gain,1.3013,dimensionless,guessed,male-cns ring-internal synapse counts (>=5) per cell,"s8 screen: homeostatic normalisation, each ring cell receives its type-mean total ring-internal input"
bodyId:35743,input_gain,1.3282,dimensionless,guessed,male-cns ring-internal synapse counts (>=5) per cell,"s8 screen: homeostatic normalisation, each ring cell receives its type-mean total ring-internal input"
bodyId:14507,input_gain,1.3604,dimensionless,guessed,male-cns ring-internal synapse counts (>=5) per cell,"s8 screen: homeostatic normalisation, each ring cell receives its type-mean total ring-internal input"
bodyId:17454,input_gain,1.4031,dimensionless,guessed,male-cns ring-internal synapse counts (>=5) per cell,"s8 screen: homeostatic normalisation, each ring cell receives its type-mean total ring-internal input"
bodyId:37142,input_gain,1.5403,dimensionless,guessed,male-cns ring-internal synapse counts (>=5) per cell,"s8 screen: homeostatic normalisation, each ring cell receives its type-mean total ring-internal input"
bodyId:40768,input_gain,2.0035,dimensionless,guessed,male-cns ring-internal synapse counts (>=5) per cell,"s8 screen: homeostatic normalisation, each ring cell receives its type-mean total ring-internal input"
bodyId:543506,input_gain,2.1585,dimensionless,guessed,male-cns ring-internal synapse counts (>=5) per cell,"s8 screen: homeostatic normalisation, each ring cell receives its type-mean total ring-internal input"
bodyId:55630,input_gain,2.2422,dimensionless,guessed,male-cns ring-internal synapse counts (>=5) per cell,"s8 screen: homeostatic normalisation, each ring cell receives its type-mean total ring-internal input"
bodyId:57591,input_gain,2.5216,dimensionless,guessed,male-cns ring-internal synapse counts (>=5) per cell,"s8 screen: homeostatic normalisation, each ring cell receives its type-mean total ring-internal input"
