# Anatomical coxa muscles with moment-arm vectors over flybody's three coxa hinges (B4, s10). Built by scripts/build_coxa_muscles.py from FlyMimic (arXiv 2509.06426; flygym asset) front-leg MTUs. Thorax frames aligned by Kabsch on six coxa origins (rotation 13.4 deg, RMS residual 92 um); FlyMimic coxa posed to flybody's neutral coxa long axis (residual 0.0 deg; keyframe 26.2 deg). r_mm = torque on the hinge per uN of tension (uN*mm/uN), signed: L = 1 - sum_j r_j (q_j - q_ref_j) / L0; torque_j = r_j F. r_keyframe_mm: arms at FlyMimic's raw keyframe (sensitivity). L_norm_flymimic: FlyMimic's normalised length at the matched pose (information; the model uses L = 1 at flybody neutral). F0 uN, L0 mm; shape as leg_muscles.csv. label: derived (lf) / guessed (rf mirror, mid/hind thorax-frame copies).
leg,muscle,mn_type,joint,r_mm,r_keyframe_mm,F0_uN,L0_mm,lmin,lmax,vmax,fvmax,fpmax,L_norm_flymimic,role,label,method
lf,tergopleural_promotor_a,Tergopleural/Pleural promotor MN,c_thorax-lf_coxa-yaw,-0.025553,-0.055882,14.2319,0.09038,0.5,1.6,10.0,1.4,0.0,0.8501,protraction,derived,"FlyMimic LF, aligned and projected (derived)"
lf,tergopleural_promotor_a,Tergopleural/Pleural promotor MN,c_thorax-lf_coxa-roll,-0.018933,-0.0171,14.2319,0.09038,0.5,1.6,10.0,1.4,0.0,0.8501,protraction,derived,"FlyMimic LF, aligned and projected (derived)"
lf,tergopleural_promotor_a,Tergopleural/Pleural promotor MN,c_thorax-lf_coxa-pitch,-0.030443,-0.027424,14.2319,0.09038,0.5,1.6,10.0,1.4,0.0,0.8501,protraction,derived,"FlyMimic LF, aligned and projected (derived)"
lf,tergopleural_promotor_b,Tergopleural/Pleural promotor MN,c_thorax-lf_coxa-yaw,-0.01816,-0.020526,67.764,0.31463,0.5,1.6,10.0,1.4,0.0,0.9748,protraction,derived,"FlyMimic LF, aligned and projected (derived)"
lf,tergopleural_promotor_b,Tergopleural/Pleural promotor MN,c_thorax-lf_coxa-roll,-0.000398,0.00174,67.764,0.31463,0.5,1.6,10.0,1.4,0.0,0.9748,protraction,derived,"FlyMimic LF, aligned and projected (derived)"
lf,tergopleural_promotor_b,Tergopleural/Pleural promotor MN,c_thorax-lf_coxa-pitch,-0.002609,0.000655,67.764,0.31463,0.5,1.6,10.0,1.4,0.0,0.9748,protraction,derived,"FlyMimic LF, aligned and projected (derived)"
lf,pleural_remotor_and_abductor,Pleural remotor/abductor MN,c_thorax-lf_coxa-yaw,0.04796,0.041499,28.7481,0.08548,0.5,1.6,10.0,1.4,0.0,1.1404,retraction,derived,"FlyMimic LF, aligned and projected (derived)"
lf,pleural_remotor_and_abductor,Pleural remotor/abductor MN,c_thorax-lf_coxa-roll,-0.007985,-0.001673,28.7481,0.08548,0.5,1.6,10.0,1.4,0.0,1.1404,retraction,derived,"FlyMimic LF, aligned and projected (derived)"
lf,pleural_remotor_and_abductor,Pleural remotor/abductor MN,c_thorax-lf_coxa-pitch,0.03694,0.021836,28.7481,0.08548,0.5,1.6,10.0,1.4,0.0,1.1404,retraction,derived,"FlyMimic LF, aligned and projected (derived)"
lf,pleural_promotor,Tergopleural/Pleural promotor MN,c_thorax-lf_coxa-yaw,-0.021747,-0.026347,30.6427,0.06045,0.5,1.6,10.0,1.4,0.0,1.0252,protraction,derived,"FlyMimic LF, aligned and projected (derived)"
lf,pleural_promotor,Tergopleural/Pleural promotor MN,c_thorax-lf_coxa-roll,0.021832,0.024992,30.6427,0.06045,0.5,1.6,10.0,1.4,0.0,1.0252,protraction,derived,"FlyMimic LF, aligned and projected (derived)"
lf,pleural_promotor,Tergopleural/Pleural promotor MN,c_thorax-lf_coxa-pitch,-0.011753,-0.014709,30.6427,0.06045,0.5,1.6,10.0,1.4,0.0,1.0252,protraction,derived,"FlyMimic LF, aligned and projected (derived)"
lf,sternal_anterior_rotator,Sternal anterior rotator MN,c_thorax-lf_coxa-yaw,-0.044722,-0.051037,10.5807,0.04964,0.5,1.6,10.0,1.4,0.0,0.6258,protraction,derived,"FlyMimic LF, aligned and projected (derived)"
lf,sternal_anterior_rotator,Sternal anterior rotator MN,c_thorax-lf_coxa-roll,0.002563,0.003126,10.5807,0.04964,0.5,1.6,10.0,1.4,0.0,0.6258,protraction,derived,"FlyMimic LF, aligned and projected (derived)"
lf,sternal_anterior_rotator,Sternal anterior rotator MN,c_thorax-lf_coxa-pitch,-0.063291,-0.07236,10.5807,0.04964,0.5,1.6,10.0,1.4,0.0,0.6258,protraction,derived,"FlyMimic LF, aligned and projected (derived)"
lf,sternal_posterior_rotator,Sternal posterior rotator MN,c_thorax-lf_coxa-yaw,0.018106,0.006171,157.429,0.09494,0.5,1.6,10.0,1.4,0.0,0.937,retraction,derived,"FlyMimic LF, aligned and projected (derived)"
lf,sternal_posterior_rotator,Sternal posterior rotator MN,c_thorax-lf_coxa-roll,-0.036474,-0.052541,157.429,0.09494,0.5,1.6,10.0,1.4,0.0,0.937,retraction,derived,"FlyMimic LF, aligned and projected (derived)"
lf,sternal_posterior_rotator,Sternal posterior rotator MN,c_thorax-lf_coxa-pitch,-0.047154,-0.030954,157.429,0.09494,0.5,1.6,10.0,1.4,0.0,0.937,retraction,derived,"FlyMimic LF, aligned and projected (derived)"
lf,sternal_adductor,Sternal adductor MN,c_thorax-lf_coxa-yaw,0.036725,0.005568,12.9,0.13076,0.5,1.6,10.0,1.4,0.0,0.6154,adduction,derived,"FlyMimic LF, aligned and projected (derived)"
lf,sternal_adductor,Sternal adductor MN,c_thorax-lf_coxa-roll,0.066206,0.025305,12.9,0.13076,0.5,1.6,10.0,1.4,0.0,0.6154,adduction,derived,"FlyMimic LF, aligned and projected (derived)"
lf,sternal_adductor,Sternal adductor MN,c_thorax-lf_coxa-pitch,-0.093514,-0.124416,12.9,0.13076,0.5,1.6,10.0,1.4,0.0,0.6154,adduction,derived,"FlyMimic LF, aligned and projected (derived)"
lm,tergopleural_promotor_a,Tergopleural/Pleural promotor MN,c_thorax-lm_coxa-yaw,-0.028277,-0.054838,14.2319,0.09038,0.5,1.6,10.0,1.4,0.0,0.8501,protraction,guessed,lf copied in the thorax frame (guessed; FlyMimic mid/hind MTUs not public)
lm,tergopleural_promotor_a,Tergopleural/Pleural promotor MN,c_thorax-lm_coxa-roll,-0.016582,-0.002238,14.2319,0.09038,0.5,1.6,10.0,1.4,0.0,0.8501,protraction,guessed,lf copied in the thorax frame (guessed; FlyMimic mid/hind MTUs not public)
lm,tergopleural_promotor_a,Tergopleural/Pleural promotor MN,c_thorax-lm_coxa-pitch,-0.029388,-0.033988,14.2319,0.09038,0.5,1.6,10.0,1.4,0.0,0.8501,protraction,guessed,lf copied in the thorax frame (guessed; FlyMimic mid/hind MTUs not public)
lm,tergopleural_promotor_b,Tergopleural/Pleural promotor MN,c_thorax-lm_coxa-yaw,-0.016144,-0.017625,67.764,0.31463,0.5,1.6,10.0,1.4,0.0,0.9748,protraction,guessed,lf copied in the thorax frame (guessed; FlyMimic mid/hind MTUs not public)
lm,tergopleural_promotor_b,Tergopleural/Pleural promotor MN,c_thorax-lm_coxa-roll,0.00582,0.009669,67.764,0.31463,0.5,1.6,10.0,1.4,0.0,0.9748,protraction,guessed,lf copied in the thorax frame (guessed; FlyMimic mid/hind MTUs not public)
lm,tergopleural_promotor_b,Tergopleural/Pleural promotor MN,c_thorax-lm_coxa-pitch,-0.006499,-0.004546,67.764,0.31463,0.5,1.6,10.0,1.4,0.0,0.9748,protraction,guessed,lf copied in the thorax frame (guessed; FlyMimic mid/hind MTUs not public)
lm,pleural_remotor_and_abductor,Pleural remotor/abductor MN,c_thorax-lm_coxa-yaw,0.035823,0.034258,28.7481,0.08548,0.5,1.6,10.0,1.4,0.0,1.1404,retraction,guessed,lf copied in the thorax frame (guessed; FlyMimic mid/hind MTUs not public)
lm,pleural_remotor_and_abductor,Pleural remotor/abductor MN,c_thorax-lm_coxa-roll,-0.013024,-0.010179,28.7481,0.08548,0.5,1.6,10.0,1.4,0.0,1.1404,retraction,guessed,lf copied in the thorax frame (guessed; FlyMimic mid/hind MTUs not public)
lm,pleural_remotor_and_abductor,Pleural remotor/abductor MN,c_thorax-lm_coxa-pitch,0.047703,0.030407,28.7481,0.08548,0.5,1.6,10.0,1.4,0.0,1.1404,retraction,guessed,lf copied in the thorax frame (guessed; FlyMimic mid/hind MTUs not public)
lm,pleural_promotor,Tergopleural/Pleural promotor MN,c_thorax-lm_coxa-yaw,-0.008699,-0.011136,30.6427,0.06045,0.5,1.6,10.0,1.4,0.0,1.0252,protraction,guessed,lf copied in the thorax frame (guessed; FlyMimic mid/hind MTUs not public)
lm,pleural_promotor,Tergopleural/Pleural promotor MN,c_thorax-lm_coxa-roll,0.023216,0.026718,30.6427,0.06045,0.5,1.6,10.0,1.4,0.0,1.0252,protraction,guessed,lf copied in the thorax frame (guessed; FlyMimic mid/hind MTUs not public)
lm,pleural_promotor,Tergopleural/Pleural promotor MN,c_thorax-lm_coxa-pitch,-0.021749,-0.026406,30.6427,0.06045,0.5,1.6,10.0,1.4,0.0,1.0252,protraction,guessed,lf copied in the thorax frame (guessed; FlyMimic mid/hind MTUs not public)
lm,sternal_anterior_rotator,Sternal anterior rotator MN,c_thorax-lm_coxa-yaw,-0.032831,-0.037366,10.5807,0.04964,0.5,1.6,10.0,1.4,0.0,0.6258,protraction,guessed,lf copied in the thorax frame (guessed; FlyMimic mid/hind MTUs not public)
lm,sternal_anterior_rotator,Sternal anterior rotator MN,c_thorax-lm_coxa-roll,-0.001745,-0.001863,10.5807,0.04964,0.5,1.6,10.0,1.4,0.0,0.6258,protraction,guessed,lf copied in the thorax frame (guessed; FlyMimic mid/hind MTUs not public)
lm,sternal_anterior_rotator,Sternal anterior rotator MN,c_thorax-lm_coxa-pitch,-0.070225,-0.080317,10.5807,0.04964,0.5,1.6,10.0,1.4,0.0,0.6258,protraction,guessed,lf copied in the thorax frame (guessed; FlyMimic mid/hind MTUs not public)
lm,sternal_posterior_rotator,Sternal posterior rotator MN,c_thorax-lm_coxa-yaw,0.004563,-0.014696,157.429,0.09494,0.5,1.6,10.0,1.4,0.0,0.937,retraction,guessed,lf copied in the thorax frame (guessed; FlyMimic mid/hind MTUs not public)
lm,sternal_posterior_rotator,Sternal posterior rotator MN,c_thorax-lm_coxa-roll,-0.054178,-0.057897,157.429,0.09494,0.5,1.6,10.0,1.4,0.0,0.937,retraction,guessed,lf copied in the thorax frame (guessed; FlyMimic mid/hind MTUs not public)
lm,sternal_posterior_rotator,Sternal posterior rotator MN,c_thorax-lm_coxa-pitch,-0.030423,-0.013741,157.429,0.09494,0.5,1.6,10.0,1.4,0.0,0.937,retraction,guessed,lf copied in the thorax frame (guessed; FlyMimic mid/hind MTUs not public)
lm,sternal_adductor,Sternal adductor MN,c_thorax-lm_coxa-yaw,0.070764,0.027856,12.9,0.13076,0.5,1.6,10.0,1.4,0.0,0.6154,adduction,guessed,lf copied in the thorax frame (guessed; FlyMimic mid/hind MTUs not public)
lm,sternal_adductor,Sternal adductor MN,c_thorax-lm_coxa-roll,0.011151,-0.022269,12.9,0.13076,0.5,1.6,10.0,1.4,0.0,0.6154,adduction,guessed,lf copied in the thorax frame (guessed; FlyMimic mid/hind MTUs not public)
lm,sternal_adductor,Sternal adductor MN,c_thorax-lm_coxa-pitch,-0.096669,-0.121978,12.9,0.13076,0.5,1.6,10.0,1.4,0.0,0.6154,adduction,guessed,lf copied in the thorax frame (guessed; FlyMimic mid/hind MTUs not public)
lh,tergopleural_promotor_a,Tergopleural/Pleural promotor MN,c_thorax-lh_coxa-yaw,0.028571,0.020332,14.2319,0.09038,0.5,1.6,10.0,1.4,0.0,0.8501,protraction,guessed,lf copied in the thorax frame (guessed; FlyMimic mid/hind MTUs not public)
lh,tergopleural_promotor_a,Tergopleural/Pleural promotor MN,c_thorax-lh_coxa-roll,-0.017353,-0.019926,14.2319,0.09038,0.5,1.6,10.0,1.4,0.0,0.8501,protraction,guessed,lf copied in the thorax frame (guessed; FlyMimic mid/hind MTUs not public)
lh,tergopleural_promotor_a,Tergopleural/Pleural promotor MN,c_thorax-lh_coxa-pitch,-0.028649,-0.057939,14.2319,0.09038,0.5,1.6,10.0,1.4,0.0,0.8501,protraction,guessed,lf copied in the thorax frame (guessed; FlyMimic mid/hind MTUs not public)
lh,tergopleural_promotor_b,Tergopleural/Pleural promotor MN,c_thorax-lh_coxa-yaw,-0.000388,-0.004311,67.764,0.31463,0.5,1.6,10.0,1.4,0.0,0.9748,protraction,guessed,lf copied in the thorax frame (guessed; FlyMimic mid/hind MTUs not public)
lh,tergopleural_promotor_b,Tergopleural/Pleural promotor MN,c_thorax-lh_coxa-roll,-0.002352,-0.001046,67.764,0.31463,0.5,1.6,10.0,1.4,0.0,0.9748,protraction,guessed,lf copied in the thorax frame (guessed; FlyMimic mid/hind MTUs not public)
lh,tergopleural_promotor_b,Tergopleural/Pleural promotor MN,c_thorax-lh_coxa-pitch,-0.018195,-0.020127,67.764,0.31463,0.5,1.6,10.0,1.4,0.0,0.9748,protraction,guessed,lf copied in the thorax frame (guessed; FlyMimic mid/hind MTUs not public)
lh,pleural_remotor_and_abductor,Pleural remotor/abductor MN,c_thorax-lh_coxa-yaw,-0.026652,-0.014104,28.7481,0.08548,0.5,1.6,10.0,1.4,0.0,1.1404,retraction,guessed,lf copied in the thorax frame (guessed; FlyMimic mid/hind MTUs not public)
lh,pleural_remotor_and_abductor,Pleural remotor/abductor MN,c_thorax-lh_coxa-roll,-0.007105,0.000489,28.7481,0.08548,0.5,1.6,10.0,1.4,0.0,1.1404,retraction,guessed,lf copied in the thorax frame (guessed; FlyMimic mid/hind MTUs not public)
lh,pleural_remotor_and_abductor,Pleural remotor/abductor MN,c_thorax-lh_coxa-pitch,0.054476,0.044751,28.7481,0.08548,0.5,1.6,10.0,1.4,0.0,1.1404,retraction,guessed,lf copied in the thorax frame (guessed; FlyMimic mid/hind MTUs not public)
lh,pleural_promotor,Tergopleural/Pleural promotor MN,c_thorax-lh_coxa-yaw,0.004156,0.005738,30.6427,0.06045,0.5,1.6,10.0,1.4,0.0,1.0252,protraction,guessed,lf copied in the thorax frame (guessed; FlyMimic mid/hind MTUs not public)
lh,pleural_promotor,Tergopleural/Pleural promotor MN,c_thorax-lh_coxa-roll,0.020335,0.023277,30.6427,0.06045,0.5,1.6,10.0,1.4,0.0,1.0252,protraction,guessed,lf copied in the thorax frame (guessed; FlyMimic mid/hind MTUs not public)
lh,pleural_promotor,Tergopleural/Pleural promotor MN,c_thorax-lh_coxa-pitch,-0.02563,-0.03099,30.6427,0.06045,0.5,1.6,10.0,1.4,0.0,1.0252,protraction,guessed,lf copied in the thorax frame (guessed; FlyMimic mid/hind MTUs not public)
lh,sternal_anterior_rotator,Sternal anterior rotator MN,c_thorax-lh_coxa-yaw,0.053709,0.061386,10.5807,0.04964,0.5,1.6,10.0,1.4,0.0,0.6258,protraction,guessed,lf copied in the thorax frame (guessed; FlyMimic mid/hind MTUs not public)
lh,sternal_anterior_rotator,Sternal anterior rotator MN,c_thorax-lh_coxa-roll,0.006115,0.007196,10.5807,0.04964,0.5,1.6,10.0,1.4,0.0,0.6258,protraction,guessed,lf copied in the thorax frame (guessed; FlyMimic mid/hind MTUs not public)
lh,sternal_anterior_rotator,Sternal anterior rotator MN,c_thorax-lh_coxa-pitch,-0.055591,-0.063485,10.5807,0.04964,0.5,1.6,10.0,1.4,0.0,0.6258,protraction,guessed,lf copied in the thorax frame (guessed; FlyMimic mid/hind MTUs not public)
lh,sternal_posterior_rotator,Sternal posterior rotator MN,c_thorax-lh_coxa-yaw,0.054961,0.039963,157.429,0.09494,0.5,1.6,10.0,1.4,0.0,0.937,retraction,guessed,lf copied in the thorax frame (guessed; FlyMimic mid/hind MTUs not public)
lh,sternal_posterior_rotator,Sternal posterior rotator MN,c_thorax-lh_coxa-roll,-0.026425,-0.046124,157.429,0.09494,0.5,1.6,10.0,1.4,0.0,0.937,retraction,guessed,lf copied in the thorax frame (guessed; FlyMimic mid/hind MTUs not public)
lh,sternal_posterior_rotator,Sternal posterior rotator MN,c_thorax-lh_coxa-pitch,0.012755,0.005681,157.429,0.09494,0.5,1.6,10.0,1.4,0.0,0.937,retraction,guessed,lf copied in the thorax frame (guessed; FlyMimic mid/hind MTUs not public)
lh,sternal_adductor,Sternal adductor MN,c_thorax-lh_coxa-yaw,0.085755,0.117555,12.9,0.13076,0.5,1.6,10.0,1.4,0.0,0.6154,adduction,guessed,lf copied in the thorax frame (guessed; FlyMimic mid/hind MTUs not public)
lh,sternal_adductor,Sternal adductor MN,c_thorax-lh_coxa-roll,0.08353,0.043983,12.9,0.13076,0.5,1.6,10.0,1.4,0.0,0.6154,adduction,guessed,lf copied in the thorax frame (guessed; FlyMimic mid/hind MTUs not public)
lh,sternal_adductor,Sternal adductor MN,c_thorax-lh_coxa-pitch,0.012066,-0.019923,12.9,0.13076,0.5,1.6,10.0,1.4,0.0,0.6154,adduction,guessed,lf copied in the thorax frame (guessed; FlyMimic mid/hind MTUs not public)
rf,tergopleural_promotor_a,Tergopleural/Pleural promotor MN,c_thorax-rf_coxa-yaw,-0.026186,-0.056362,14.2319,0.09038,0.5,1.6,10.0,1.4,0.0,0.8501,protraction,guessed,LF mirrored in the sagittal plane (guessed: symmetry)
rf,tergopleural_promotor_a,Tergopleural/Pleural promotor MN,c_thorax-rf_coxa-roll,-0.020737,-0.020332,14.2319,0.09038,0.5,1.6,10.0,1.4,0.0,0.8501,protraction,guessed,LF mirrored in the sagittal plane (guessed: symmetry)
rf,tergopleural_promotor_a,Tergopleural/Pleural promotor MN,c_thorax-rf_coxa-pitch,-0.028678,-0.024027,14.2319,0.09038,0.5,1.6,10.0,1.4,0.0,0.8501,protraction,guessed,LF mirrored in the sagittal plane (guessed: symmetry)
rf,tergopleural_promotor_b,Tergopleural/Pleural promotor MN,c_thorax-rf_coxa-yaw,-0.018232,-0.020522,67.764,0.31463,0.5,1.6,10.0,1.4,0.0,0.9748,protraction,guessed,LF mirrored in the sagittal plane (guessed: symmetry)
rf,tergopleural_promotor_b,Tergopleural/Pleural promotor MN,c_thorax-rf_coxa-roll,-0.001335,0.000746,67.764,0.31463,0.5,1.6,10.0,1.4,0.0,0.9748,protraction,guessed,LF mirrored in the sagittal plane (guessed: symmetry)
rf,tergopleural_promotor_b,Tergopleural/Pleural promotor MN,c_thorax-rf_coxa-pitch,-0.0016,0.001754,67.764,0.31463,0.5,1.6,10.0,1.4,0.0,0.9748,protraction,guessed,LF mirrored in the sagittal plane (guessed: symmetry)
rf,pleural_remotor_and_abductor,Pleural remotor/abductor MN,c_thorax-rf_coxa-yaw,0.050226,0.042651,28.7481,0.08548,0.5,1.6,10.0,1.4,0.0,1.1404,retraction,guessed,LF mirrored in the sagittal plane (guessed: symmetry)
rf,pleural_remotor_and_abductor,Pleural remotor/abductor MN,c_thorax-rf_coxa-roll,-0.004924,0.000775,28.7481,0.08548,0.5,1.6,10.0,1.4,0.0,1.1404,retraction,guessed,LF mirrored in the sagittal plane (guessed: symmetry)
rf,pleural_remotor_and_abductor,Pleural remotor/abductor MN,c_thorax-rf_coxa-pitch,0.034373,0.019547,28.7481,0.08548,0.5,1.6,10.0,1.4,0.0,1.1404,retraction,guessed,LF mirrored in the sagittal plane (guessed: symmetry)
rf,pleural_promotor,Tergopleural/Pleural promotor MN,c_thorax-rf_coxa-yaw,-0.023412,-0.028318,30.6427,0.06045,0.5,1.6,10.0,1.4,0.0,1.0252,protraction,guessed,LF mirrored in the sagittal plane (guessed: symmetry)
rf,pleural_promotor,Tergopleural/Pleural promotor MN,c_thorax-rf_coxa-roll,0.020514,0.023389,30.6427,0.06045,0.5,1.6,10.0,1.4,0.0,1.0252,protraction,guessed,LF mirrored in the sagittal plane (guessed: symmetry)
rf,pleural_promotor,Tergopleural/Pleural promotor MN,c_thorax-rf_coxa-pitch,-0.010896,-0.013646,30.6427,0.06045,0.5,1.6,10.0,1.4,0.0,1.0252,protraction,guessed,LF mirrored in the sagittal plane (guessed: symmetry)
rf,sternal_anterior_rotator,Sternal anterior rotator MN,c_thorax-rf_coxa-yaw,-0.048152,-0.054968,10.5807,0.04964,0.5,1.6,10.0,1.4,0.0,0.6258,protraction,guessed,LF mirrored in the sagittal plane (guessed: symmetry)
rf,sternal_anterior_rotator,Sternal anterior rotator MN,c_thorax-rf_coxa-roll,-0.000835,-0.000755,10.5807,0.04964,0.5,1.6,10.0,1.4,0.0,0.6258,protraction,guessed,LF mirrored in the sagittal plane (guessed: symmetry)
rf,sternal_anterior_rotator,Sternal anterior rotator MN,c_thorax-rf_coxa-pitch,-0.060771,-0.069486,10.5807,0.04964,0.5,1.6,10.0,1.4,0.0,0.6258,protraction,guessed,LF mirrored in the sagittal plane (guessed: symmetry)
rf,sternal_posterior_rotator,Sternal posterior rotator MN,c_thorax-rf_coxa-yaw,0.017325,0.0071,157.429,0.09494,0.5,1.6,10.0,1.4,0.0,0.937,retraction,guessed,LF mirrored in the sagittal plane (guessed: symmetry)
rf,sternal_posterior_rotator,Sternal posterior rotator MN,c_thorax-rf_coxa-roll,-0.036439,-0.052758,157.429,0.09494,0.5,1.6,10.0,1.4,0.0,0.937,retraction,guessed,LF mirrored in the sagittal plane (guessed: symmetry)
rf,sternal_posterior_rotator,Sternal posterior rotator MN,c_thorax-rf_coxa-pitch,-0.047474,-0.030381,157.429,0.09494,0.5,1.6,10.0,1.4,0.0,0.937,retraction,guessed,LF mirrored in the sagittal plane (guessed: symmetry)
rf,sternal_adductor,Sternal adductor MN,c_thorax-rf_coxa-yaw,0.028267,-0.002438,12.9,0.13076,0.5,1.6,10.0,1.4,0.0,0.6154,adduction,guessed,LF mirrored in the sagittal plane (guessed: symmetry)
rf,sternal_adductor,Sternal adductor MN,c_thorax-rf_coxa-roll,0.066124,0.023166,12.9,0.13076,0.5,1.6,10.0,1.4,0.0,0.6154,adduction,guessed,LF mirrored in the sagittal plane (guessed: symmetry)
rf,sternal_adductor,Sternal adductor MN,c_thorax-rf_coxa-pitch,-0.096464,-0.124932,12.9,0.13076,0.5,1.6,10.0,1.4,0.0,0.6154,adduction,guessed,LF mirrored in the sagittal plane (guessed: symmetry)
rm,tergopleural_promotor_a,Tergopleural/Pleural promotor MN,c_thorax-rm_coxa-yaw,-0.028211,-0.054872,14.2319,0.09038,0.5,1.6,10.0,1.4,0.0,0.8501,protraction,guessed,rf copied in the thorax frame (guessed; FlyMimic mid/hind MTUs not public)
rm,tergopleural_promotor_a,Tergopleural/Pleural promotor MN,c_thorax-rm_coxa-roll,-0.016801,-0.002637,14.2319,0.09038,0.5,1.6,10.0,1.4,0.0,0.8501,protraction,guessed,rf copied in the thorax frame (guessed; FlyMimic mid/hind MTUs not public)
rm,tergopleural_promotor_a,Tergopleural/Pleural promotor MN,c_thorax-rm_coxa-pitch,-0.029326,-0.033904,14.2319,0.09038,0.5,1.6,10.0,1.4,0.0,0.8501,protraction,guessed,rf copied in the thorax frame (guessed; FlyMimic mid/hind MTUs not public)
rm,tergopleural_promotor_b,Tergopleural/Pleural promotor MN,c_thorax-rm_coxa-yaw,-0.016192,-0.017695,67.764,0.31463,0.5,1.6,10.0,1.4,0.0,0.9748,protraction,guessed,rf copied in the thorax frame (guessed; FlyMimic mid/hind MTUs not public)
rm,tergopleural_promotor_b,Tergopleural/Pleural promotor MN,c_thorax-rm_coxa-roll,0.005706,0.009548,67.764,0.31463,0.5,1.6,10.0,1.4,0.0,0.9748,protraction,guessed,rf copied in the thorax frame (guessed; FlyMimic mid/hind MTUs not public)
rm,tergopleural_promotor_b,Tergopleural/Pleural promotor MN,c_thorax-rm_coxa-pitch,-0.006482,-0.004531,67.764,0.31463,0.5,1.6,10.0,1.4,0.0,0.9748,protraction,guessed,rf copied in the thorax frame (guessed; FlyMimic mid/hind MTUs not public)
rm,pleural_remotor_and_abductor,Pleural remotor/abductor MN,c_thorax-rm_coxa-yaw,0.035978,0.034369,28.7481,0.08548,0.5,1.6,10.0,1.4,0.0,1.1404,retraction,guessed,rf copied in the thorax frame (guessed; FlyMimic mid/hind MTUs not public)
rm,pleural_remotor_and_abductor,Pleural remotor/abductor MN,c_thorax-rm_coxa-roll,-0.012733,-0.009919,28.7481,0.08548,0.5,1.6,10.0,1.4,0.0,1.1404,retraction,guessed,rf copied in the thorax frame (guessed; FlyMimic mid/hind MTUs not public)
rm,pleural_remotor_and_abductor,Pleural remotor/abductor MN,c_thorax-rm_coxa-pitch,0.047665,0.030367,28.7481,0.08548,0.5,1.6,10.0,1.4,0.0,1.1404,retraction,guessed,rf copied in the thorax frame (guessed; FlyMimic mid/hind MTUs not public)
rm,pleural_promotor,Tergopleural/Pleural promotor MN,c_thorax-rm_coxa-yaw,-0.008884,-0.011351,30.6427,0.06045,0.5,1.6,10.0,1.4,0.0,1.0252,protraction,guessed,rf copied in the thorax frame (guessed; FlyMimic mid/hind MTUs not public)
rm,pleural_promotor,Tergopleural/Pleural promotor MN,c_thorax-rm_coxa-roll,0.023134,0.026614,30.6427,0.06045,0.5,1.6,10.0,1.4,0.0,1.0252,protraction,guessed,rf copied in the thorax frame (guessed; FlyMimic mid/hind MTUs not public)
rm,pleural_promotor,Tergopleural/Pleural promotor MN,c_thorax-rm_coxa-pitch,-0.021762,-0.02642,30.6427,0.06045,0.5,1.6,10.0,1.4,0.0,1.0252,protraction,guessed,rf copied in the thorax frame (guessed; FlyMimic mid/hind MTUs not public)
rm,sternal_anterior_rotator,Sternal anterior rotator MN,c_thorax-rm_coxa-yaw,-0.032923,-0.037471,10.5807,0.04964,0.5,1.6,10.0,1.4,0.0,0.6258,protraction,guessed,rf copied in the thorax frame (guessed; FlyMimic mid/hind MTUs not public)
rm,sternal_anterior_rotator,Sternal anterior rotator MN,c_thorax-rm_coxa-roll,-0.002042,-0.002201,10.5807,0.04964,0.5,1.6,10.0,1.4,0.0,0.6258,protraction,guessed,rf copied in the thorax frame (guessed; FlyMimic mid/hind MTUs not public)
rm,sternal_anterior_rotator,Sternal anterior rotator MN,c_thorax-rm_coxa-pitch,-0.070174,-0.080259,10.5807,0.04964,0.5,1.6,10.0,1.4,0.0,0.6258,protraction,guessed,rf copied in the thorax frame (guessed; FlyMimic mid/hind MTUs not public)
rm,sternal_posterior_rotator,Sternal posterior rotator MN,c_thorax-rm_coxa-yaw,0.004874,-0.014335,157.429,0.09494,0.5,1.6,10.0,1.4,0.0,0.937,retraction,guessed,rf copied in the thorax frame (guessed; FlyMimic mid/hind MTUs not public)
rm,sternal_posterior_rotator,Sternal posterior rotator MN,c_thorax-rm_coxa-roll,-0.054182,-0.058008,157.429,0.09494,0.5,1.6,10.0,1.4,0.0,0.937,retraction,guessed,rf copied in the thorax frame (guessed; FlyMimic mid/hind MTUs not public)
rm,sternal_posterior_rotator,Sternal posterior rotator MN,c_thorax-rm_coxa-pitch,-0.030368,-0.013653,157.429,0.09494,0.5,1.6,10.0,1.4,0.0,0.937,retraction,guessed,rf copied in the thorax frame (guessed; FlyMimic mid/hind MTUs not public)
rm,sternal_adductor,Sternal adductor MN,c_thorax-rm_coxa-yaw,0.070546,0.027821,12.9,0.13076,0.5,1.6,10.0,1.4,0.0,0.6154,adduction,guessed,rf copied in the thorax frame (guessed; FlyMimic mid/hind MTUs not public)
rm,sternal_adductor,Sternal adductor MN,c_thorax-rm_coxa-roll,0.011505,-0.022226,12.9,0.13076,0.5,1.6,10.0,1.4,0.0,0.6154,adduction,guessed,rf copied in the thorax frame (guessed; FlyMimic mid/hind MTUs not public)
rm,sternal_adductor,Sternal adductor MN,c_thorax-rm_coxa-pitch,-0.096787,-0.121994,12.9,0.13076,0.5,1.6,10.0,1.4,0.0,0.6154,adduction,guessed,rf copied in the thorax frame (guessed; FlyMimic mid/hind MTUs not public)
rh,tergopleural_promotor_a,Tergopleural/Pleural promotor MN,c_thorax-rh_coxa-yaw,0.028378,0.020115,14.2319,0.09038,0.5,1.6,10.0,1.4,0.0,0.8501,protraction,guessed,rf copied in the thorax frame (guessed; FlyMimic mid/hind MTUs not public)
rh,tergopleural_promotor_a,Tergopleural/Pleural promotor MN,c_thorax-rh_coxa-roll,-0.017057,-0.018912,14.2319,0.09038,0.5,1.6,10.0,1.4,0.0,0.8501,protraction,guessed,rf copied in the thorax frame (guessed; FlyMimic mid/hind MTUs not public)
rh,tergopleural_promotor_a,Tergopleural/Pleural promotor MN,c_thorax-rh_coxa-pitch,-0.029016,-0.058353,14.2319,0.09038,0.5,1.6,10.0,1.4,0.0,0.8501,protraction,guessed,rf copied in the thorax frame (guessed; FlyMimic mid/hind MTUs not public)
rh,tergopleural_promotor_b,Tergopleural/Pleural promotor MN,c_thorax-rh_coxa-yaw,-0.000412,-0.004319,67.764,0.31463,0.5,1.6,10.0,1.4,0.0,0.9748,protraction,guessed,rf copied in the thorax frame (guessed; FlyMimic mid/hind MTUs not public)
rh,tergopleural_promotor_b,Tergopleural/Pleural promotor MN,c_thorax-rh_coxa-roll,-0.001959,-0.000568,67.764,0.31463,0.5,1.6,10.0,1.4,0.0,0.9748,protraction,guessed,rf copied in the thorax frame (guessed; FlyMimic mid/hind MTUs not public)
rh,tergopleural_promotor_b,Tergopleural/Pleural promotor MN,c_thorax-rh_coxa-pitch,-0.018241,-0.020145,67.764,0.31463,0.5,1.6,10.0,1.4,0.0,0.9748,protraction,guessed,rf copied in the thorax frame (guessed; FlyMimic mid/hind MTUs not public)
rh,pleural_remotor_and_abductor,Pleural remotor/abductor MN,c_thorax-rh_coxa-yaw,-0.026738,-0.014104,28.7481,0.08548,0.5,1.6,10.0,1.4,0.0,1.1404,retraction,guessed,rf copied in the thorax frame (guessed; FlyMimic mid/hind MTUs not public)
rh,pleural_remotor_and_abductor,Pleural remotor/abductor MN,c_thorax-rh_coxa-roll,-0.007966,-0.000308,28.7481,0.08548,0.5,1.6,10.0,1.4,0.0,1.1404,retraction,guessed,rf copied in the thorax frame (guessed; FlyMimic mid/hind MTUs not public)
rh,pleural_remotor_and_abductor,Pleural remotor/abductor MN,c_thorax-rh_coxa-pitch,0.054315,0.044752,28.7481,0.08548,0.5,1.6,10.0,1.4,0.0,1.1404,retraction,guessed,rf copied in the thorax frame (guessed; FlyMimic mid/hind MTUs not public)
rh,pleural_promotor,Tergopleural/Pleural promotor MN,c_thorax-rh_coxa-yaw,0.004388,0.006004,30.6427,0.06045,0.5,1.6,10.0,1.4,0.0,1.0252,protraction,guessed,rf copied in the thorax frame (guessed; FlyMimic mid/hind MTUs not public)
rh,pleural_promotor,Tergopleural/Pleural promotor MN,c_thorax-rh_coxa-roll,0.02083,0.023868,30.6427,0.06045,0.5,1.6,10.0,1.4,0.0,1.0252,protraction,guessed,rf copied in the thorax frame (guessed; FlyMimic mid/hind MTUs not public)
rh,pleural_promotor,Tergopleural/Pleural promotor MN,c_thorax-rh_coxa-pitch,-0.02519,-0.030487,30.6427,0.06045,0.5,1.6,10.0,1.4,0.0,1.0252,protraction,guessed,rf copied in the thorax frame (guessed; FlyMimic mid/hind MTUs not public)
rh,sternal_anterior_rotator,Sternal anterior rotator MN,c_thorax-rh_coxa-yaw,0.053782,0.061472,10.5807,0.04964,0.5,1.6,10.0,1.4,0.0,0.6258,protraction,guessed,rf copied in the thorax frame (guessed; FlyMimic mid/hind MTUs not public)
rh,sternal_anterior_rotator,Sternal anterior rotator MN,c_thorax-rh_coxa-roll,0.006696,0.007858,10.5807,0.04964,0.5,1.6,10.0,1.4,0.0,0.6258,protraction,guessed,rf copied in the thorax frame (guessed; FlyMimic mid/hind MTUs not public)
rh,sternal_anterior_rotator,Sternal anterior rotator MN,c_thorax-rh_coxa-pitch,-0.055453,-0.063323,10.5807,0.04964,0.5,1.6,10.0,1.4,0.0,0.6258,protraction,guessed,rf copied in the thorax frame (guessed; FlyMimic mid/hind MTUs not public)
rh,sternal_posterior_rotator,Sternal posterior rotator MN,c_thorax-rh_coxa-yaw,0.054659,0.039441,157.429,0.09494,0.5,1.6,10.0,1.4,0.0,0.937,retraction,guessed,rf copied in the thorax frame (guessed; FlyMimic mid/hind MTUs not public)
rh,sternal_posterior_rotator,Sternal posterior rotator MN,c_thorax-rh_coxa-roll,-0.027308,-0.046682,157.429,0.09494,0.5,1.6,10.0,1.4,0.0,0.937,retraction,guessed,rf copied in the thorax frame (guessed; FlyMimic mid/hind MTUs not public)
rh,sternal_posterior_rotator,Sternal posterior rotator MN,c_thorax-rh_coxa-pitch,0.012183,0.004691,157.429,0.09494,0.5,1.6,10.0,1.4,0.0,0.937,retraction,guessed,rf copied in the thorax frame (guessed; FlyMimic mid/hind MTUs not public)
rh,sternal_adductor,Sternal adductor MN,c_thorax-rh_coxa-yaw,0.086687,0.118045,12.9,0.13076,0.5,1.6,10.0,1.4,0.0,0.6154,adduction,guessed,rf copied in the thorax frame (guessed; FlyMimic mid/hind MTUs not public)
rh,sternal_adductor,Sternal adductor MN,c_thorax-rh_coxa-roll,0.082284,0.043073,12.9,0.13076,0.5,1.6,10.0,1.4,0.0,0.6154,adduction,guessed,rf copied in the thorax frame (guessed; FlyMimic mid/hind MTUs not public)
rh,sternal_adductor,Sternal adductor MN,c_thorax-rh_coxa-pitch,0.013838,-0.018991,12.9,0.13076,0.5,1.6,10.0,1.4,0.0,0.6154,adduction,guessed,rf copied in the thorax frame (guessed; FlyMimic mid/hind MTUs not public)
