# Session 12: mid/hind leg muscles derived from FlyMimic's front leg by measured segment size (scripts/build_midhind_muscles.py; switch muscle:leg|midhind_source = 1). Label inferred: the geometry is measured on the flybody mesh, the scaling rules are assumptions stated in the script.
leg,muscle,mn_type,joint,r_mm,r_keyframe_mm,F0_uN,L0_mm,lmin,lmax,vmax,fvmax,fpmax,L_norm_flymimic,role,label,method
lm,tergopleural_promotor_a,Tergopleural/Pleural promotor MN,c_thorax-lm_coxa-yaw,-0.034702,-0.067297,21.4332,0.11091,0.5,1.6,10.0,1.4,0.0,0.8501,protraction,inferred,"lf in the thorax frame, F0 x (coxa proximal width)^2, arms and L0 x coxa proximal width (inferred; leg_muscle_midhind_scale.csv)"
lm,tergopleural_promotor_a,Tergopleural/Pleural promotor MN,c_thorax-lm_coxa-roll,-0.020349,-0.002746,21.4332,0.11091,0.5,1.6,10.0,1.4,0.0,0.8501,protraction,inferred,"lf in the thorax frame, F0 x (coxa proximal width)^2, arms and L0 x coxa proximal width (inferred; leg_muscle_midhind_scale.csv)"
lm,tergopleural_promotor_a,Tergopleural/Pleural promotor MN,c_thorax-lm_coxa-pitch,-0.036065,-0.04171,21.4332,0.11091,0.5,1.6,10.0,1.4,0.0,0.8501,protraction,inferred,"lf in the thorax frame, F0 x (coxa proximal width)^2, arms and L0 x coxa proximal width (inferred; leg_muscle_midhind_scale.csv)"
lm,tergopleural_promotor_b,Tergopleural/Pleural promotor MN,c_thorax-lm_coxa-yaw,-0.019812,-0.021629,102.0526,0.38611,0.5,1.6,10.0,1.4,0.0,0.9748,protraction,inferred,"lf in the thorax frame, F0 x (coxa proximal width)^2, arms and L0 x coxa proximal width (inferred; leg_muscle_midhind_scale.csv)"
lm,tergopleural_promotor_b,Tergopleural/Pleural promotor MN,c_thorax-lm_coxa-roll,0.007142,0.011866,102.0526,0.38611,0.5,1.6,10.0,1.4,0.0,0.9748,protraction,inferred,"lf in the thorax frame, F0 x (coxa proximal width)^2, arms and L0 x coxa proximal width (inferred; leg_muscle_midhind_scale.csv)"
lm,tergopleural_promotor_b,Tergopleural/Pleural promotor MN,c_thorax-lm_coxa-pitch,-0.007976,-0.005579,102.0526,0.38611,0.5,1.6,10.0,1.4,0.0,0.9748,protraction,inferred,"lf in the thorax frame, F0 x (coxa proximal width)^2, arms and L0 x coxa proximal width (inferred; leg_muscle_midhind_scale.csv)"
lm,pleural_remotor_and_abductor,Pleural remotor/abductor MN,c_thorax-lm_coxa-yaw,0.043962,0.042041,43.2946,0.1049,0.5,1.6,10.0,1.4,0.0,1.1404,retraction,inferred,"lf in the thorax frame, F0 x (coxa proximal width)^2, arms and L0 x coxa proximal width (inferred; leg_muscle_midhind_scale.csv)"
lm,pleural_remotor_and_abductor,Pleural remotor/abductor MN,c_thorax-lm_coxa-roll,-0.015983,-0.012492,43.2946,0.1049,0.5,1.6,10.0,1.4,0.0,1.1404,retraction,inferred,"lf in the thorax frame, F0 x (coxa proximal width)^2, arms and L0 x coxa proximal width (inferred; leg_muscle_midhind_scale.csv)"
lm,pleural_remotor_and_abductor,Pleural remotor/abductor MN,c_thorax-lm_coxa-pitch,0.058541,0.037315,43.2946,0.1049,0.5,1.6,10.0,1.4,0.0,1.1404,retraction,inferred,"lf in the thorax frame, F0 x (coxa proximal width)^2, arms and L0 x coxa proximal width (inferred; leg_muscle_midhind_scale.csv)"
lm,pleural_promotor,Tergopleural/Pleural promotor MN,c_thorax-lm_coxa-yaw,-0.010675,-0.013666,46.1479,0.07418,0.5,1.6,10.0,1.4,0.0,1.0252,protraction,inferred,"lf in the thorax frame, F0 x (coxa proximal width)^2, arms and L0 x coxa proximal width (inferred; leg_muscle_midhind_scale.csv)"
lm,pleural_promotor,Tergopleural/Pleural promotor MN,c_thorax-lm_coxa-roll,0.028491,0.032788,46.1479,0.07418,0.5,1.6,10.0,1.4,0.0,1.0252,protraction,inferred,"lf in the thorax frame, F0 x (coxa proximal width)^2, arms and L0 x coxa proximal width (inferred; leg_muscle_midhind_scale.csv)"
lm,pleural_promotor,Tergopleural/Pleural promotor MN,c_thorax-lm_coxa-pitch,-0.02669,-0.032405,46.1479,0.07418,0.5,1.6,10.0,1.4,0.0,1.0252,protraction,inferred,"lf in the thorax frame, F0 x (coxa proximal width)^2, arms and L0 x coxa proximal width (inferred; leg_muscle_midhind_scale.csv)"
lm,sternal_anterior_rotator,Sternal anterior rotator MN,c_thorax-lm_coxa-yaw,-0.04029,-0.045856,15.9345,0.06092,0.5,1.6,10.0,1.4,0.0,0.6258,protraction,inferred,"lf in the thorax frame, F0 x (coxa proximal width)^2, arms and L0 x coxa proximal width (inferred; leg_muscle_midhind_scale.csv)"
lm,sternal_anterior_rotator,Sternal anterior rotator MN,c_thorax-lm_coxa-roll,-0.002141,-0.002286,15.9345,0.06092,0.5,1.6,10.0,1.4,0.0,0.6258,protraction,inferred,"lf in the thorax frame, F0 x (coxa proximal width)^2, arms and L0 x coxa proximal width (inferred; leg_muscle_midhind_scale.csv)"
lm,sternal_anterior_rotator,Sternal anterior rotator MN,c_thorax-lm_coxa-pitch,-0.08618,-0.098565,15.9345,0.06092,0.5,1.6,10.0,1.4,0.0,0.6258,protraction,inferred,"lf in the thorax frame, F0 x (coxa proximal width)^2, arms and L0 x coxa proximal width (inferred; leg_muscle_midhind_scale.csv)"
lm,sternal_posterior_rotator,Sternal posterior rotator MN,c_thorax-lm_coxa-yaw,0.0056,-0.018035,237.0881,0.11651,0.5,1.6,10.0,1.4,0.0,0.937,retraction,inferred,"lf in the thorax frame, F0 x (coxa proximal width)^2, arms and L0 x coxa proximal width (inferred; leg_muscle_midhind_scale.csv)"
lm,sternal_posterior_rotator,Sternal posterior rotator MN,c_thorax-lm_coxa-roll,-0.066487,-0.071051,237.0881,0.11651,0.5,1.6,10.0,1.4,0.0,0.937,retraction,inferred,"lf in the thorax frame, F0 x (coxa proximal width)^2, arms and L0 x coxa proximal width (inferred; leg_muscle_midhind_scale.csv)"
lm,sternal_posterior_rotator,Sternal posterior rotator MN,c_thorax-lm_coxa-pitch,-0.037335,-0.016863,237.0881,0.11651,0.5,1.6,10.0,1.4,0.0,0.937,retraction,inferred,"lf in the thorax frame, F0 x (coxa proximal width)^2, arms and L0 x coxa proximal width (inferred; leg_muscle_midhind_scale.csv)"
lm,sternal_adductor,Sternal adductor MN,c_thorax-lm_coxa-yaw,0.086842,0.034185,19.4274,0.16047,0.5,1.6,10.0,1.4,0.0,0.6154,adduction,inferred,"lf in the thorax frame, F0 x (coxa proximal width)^2, arms and L0 x coxa proximal width (inferred; leg_muscle_midhind_scale.csv)"
lm,sternal_adductor,Sternal adductor MN,c_thorax-lm_coxa-roll,0.013685,-0.027329,19.4274,0.16047,0.5,1.6,10.0,1.4,0.0,0.6154,adduction,inferred,"lf in the thorax frame, F0 x (coxa proximal width)^2, arms and L0 x coxa proximal width (inferred; leg_muscle_midhind_scale.csv)"
lm,sternal_adductor,Sternal adductor MN,c_thorax-lm_coxa-pitch,-0.118632,-0.149691,19.4274,0.16047,0.5,1.6,10.0,1.4,0.0,0.6154,adduction,inferred,"lf in the thorax frame, F0 x (coxa proximal width)^2, arms and L0 x coxa proximal width (inferred; leg_muscle_midhind_scale.csv)"
lh,tergopleural_promotor_a,Tergopleural/Pleural promotor MN,c_thorax-lh_coxa-yaw,0.041188,0.029311,29.5767,0.13029,0.5,1.6,10.0,1.4,0.0,0.8501,protraction,inferred,"lf in the thorax frame, F0 x (coxa proximal width)^2, arms and L0 x coxa proximal width (inferred; leg_muscle_midhind_scale.csv)"
lh,tergopleural_promotor_a,Tergopleural/Pleural promotor MN,c_thorax-lh_coxa-roll,-0.025016,-0.028725,29.5767,0.13029,0.5,1.6,10.0,1.4,0.0,0.8501,protraction,inferred,"lf in the thorax frame, F0 x (coxa proximal width)^2, arms and L0 x coxa proximal width (inferred; leg_muscle_midhind_scale.csv)"
lh,tergopleural_promotor_a,Tergopleural/Pleural promotor MN,c_thorax-lh_coxa-pitch,-0.0413,-0.083525,29.5767,0.13029,0.5,1.6,10.0,1.4,0.0,0.8501,protraction,inferred,"lf in the thorax frame, F0 x (coxa proximal width)^2, arms and L0 x coxa proximal width (inferred; leg_muscle_midhind_scale.csv)"
lh,tergopleural_promotor_b,Tergopleural/Pleural promotor MN,c_thorax-lh_coxa-yaw,-0.000559,-0.006215,140.8271,0.45357,0.5,1.6,10.0,1.4,0.0,0.9748,protraction,inferred,"lf in the thorax frame, F0 x (coxa proximal width)^2, arms and L0 x coxa proximal width (inferred; leg_muscle_midhind_scale.csv)"
lh,tergopleural_promotor_b,Tergopleural/Pleural promotor MN,c_thorax-lh_coxa-roll,-0.003391,-0.001508,140.8271,0.45357,0.5,1.6,10.0,1.4,0.0,0.9748,protraction,inferred,"lf in the thorax frame, F0 x (coxa proximal width)^2, arms and L0 x coxa proximal width (inferred; leg_muscle_midhind_scale.csv)"
lh,tergopleural_promotor_b,Tergopleural/Pleural promotor MN,c_thorax-lh_coxa-pitch,-0.02623,-0.029015,140.8271,0.45357,0.5,1.6,10.0,1.4,0.0,0.9748,protraction,inferred,"lf in the thorax frame, F0 x (coxa proximal width)^2, arms and L0 x coxa proximal width (inferred; leg_muscle_midhind_scale.csv)"
lh,pleural_remotor_and_abductor,Pleural remotor/abductor MN,c_thorax-lh_coxa-yaw,-0.038422,-0.020332,59.7443,0.12323,0.5,1.6,10.0,1.4,0.0,1.1404,retraction,inferred,"lf in the thorax frame, F0 x (coxa proximal width)^2, arms and L0 x coxa proximal width (inferred; leg_muscle_midhind_scale.csv)"
lh,pleural_remotor_and_abductor,Pleural remotor/abductor MN,c_thorax-lh_coxa-roll,-0.010243,0.000705,59.7443,0.12323,0.5,1.6,10.0,1.4,0.0,1.1404,retraction,inferred,"lf in the thorax frame, F0 x (coxa proximal width)^2, arms and L0 x coxa proximal width (inferred; leg_muscle_midhind_scale.csv)"
lh,pleural_remotor_and_abductor,Pleural remotor/abductor MN,c_thorax-lh_coxa-pitch,0.078533,0.064513,59.7443,0.12323,0.5,1.6,10.0,1.4,0.0,1.1404,retraction,inferred,"lf in the thorax frame, F0 x (coxa proximal width)^2, arms and L0 x coxa proximal width (inferred; leg_muscle_midhind_scale.csv)"
lh,pleural_promotor,Tergopleural/Pleural promotor MN,c_thorax-lh_coxa-yaw,0.005991,0.008272,63.6817,0.08714,0.5,1.6,10.0,1.4,0.0,1.0252,protraction,inferred,"lf in the thorax frame, F0 x (coxa proximal width)^2, arms and L0 x coxa proximal width (inferred; leg_muscle_midhind_scale.csv)"
lh,pleural_promotor,Tergopleural/Pleural promotor MN,c_thorax-lh_coxa-roll,0.029315,0.033556,63.6817,0.08714,0.5,1.6,10.0,1.4,0.0,1.0252,protraction,inferred,"lf in the thorax frame, F0 x (coxa proximal width)^2, arms and L0 x coxa proximal width (inferred; leg_muscle_midhind_scale.csv)"
lh,pleural_promotor,Tergopleural/Pleural promotor MN,c_thorax-lh_coxa-pitch,-0.036948,-0.044675,63.6817,0.08714,0.5,1.6,10.0,1.4,0.0,1.0252,protraction,inferred,"lf in the thorax frame, F0 x (coxa proximal width)^2, arms and L0 x coxa proximal width (inferred; leg_muscle_midhind_scale.csv)"
lh,sternal_anterior_rotator,Sternal anterior rotator MN,c_thorax-lh_coxa-yaw,0.077427,0.088494,21.9888,0.07156,0.5,1.6,10.0,1.4,0.0,0.6258,protraction,inferred,"lf in the thorax frame, F0 x (coxa proximal width)^2, arms and L0 x coxa proximal width (inferred; leg_muscle_midhind_scale.csv)"
lh,sternal_anterior_rotator,Sternal anterior rotator MN,c_thorax-lh_coxa-roll,0.008815,0.010374,21.9888,0.07156,0.5,1.6,10.0,1.4,0.0,0.6258,protraction,inferred,"lf in the thorax frame, F0 x (coxa proximal width)^2, arms and L0 x coxa proximal width (inferred; leg_muscle_midhind_scale.csv)"
lh,sternal_anterior_rotator,Sternal anterior rotator MN,c_thorax-lh_coxa-pitch,-0.08014,-0.09152,21.9888,0.07156,0.5,1.6,10.0,1.4,0.0,0.6258,protraction,inferred,"lf in the thorax frame, F0 x (coxa proximal width)^2, arms and L0 x coxa proximal width (inferred; leg_muscle_midhind_scale.csv)"
lh,sternal_posterior_rotator,Sternal posterior rotator MN,c_thorax-lh_coxa-yaw,0.079232,0.057611,327.1689,0.13687,0.5,1.6,10.0,1.4,0.0,0.937,retraction,inferred,"lf in the thorax frame, F0 x (coxa proximal width)^2, arms and L0 x coxa proximal width (inferred; leg_muscle_midhind_scale.csv)"
lh,sternal_posterior_rotator,Sternal posterior rotator MN,c_thorax-lh_coxa-roll,-0.038094,-0.066492,327.1689,0.13687,0.5,1.6,10.0,1.4,0.0,0.937,retraction,inferred,"lf in the thorax frame, F0 x (coxa proximal width)^2, arms and L0 x coxa proximal width (inferred; leg_muscle_midhind_scale.csv)"
lh,sternal_posterior_rotator,Sternal posterior rotator MN,c_thorax-lh_coxa-pitch,0.018388,0.00819,327.1689,0.13687,0.5,1.6,10.0,1.4,0.0,0.937,retraction,inferred,"lf in the thorax frame, F0 x (coxa proximal width)^2, arms and L0 x coxa proximal width (inferred; leg_muscle_midhind_scale.csv)"
lh,sternal_adductor,Sternal adductor MN,c_thorax-lh_coxa-yaw,0.123624,0.169467,26.8088,0.1885,0.5,1.6,10.0,1.4,0.0,0.6154,adduction,inferred,"lf in the thorax frame, F0 x (coxa proximal width)^2, arms and L0 x coxa proximal width (inferred; leg_muscle_midhind_scale.csv)"
lh,sternal_adductor,Sternal adductor MN,c_thorax-lh_coxa-roll,0.120417,0.063406,26.8088,0.1885,0.5,1.6,10.0,1.4,0.0,0.6154,adduction,inferred,"lf in the thorax frame, F0 x (coxa proximal width)^2, arms and L0 x coxa proximal width (inferred; leg_muscle_midhind_scale.csv)"
lh,sternal_adductor,Sternal adductor MN,c_thorax-lh_coxa-pitch,0.017394,-0.028721,26.8088,0.1885,0.5,1.6,10.0,1.4,0.0,0.6154,adduction,inferred,"lf in the thorax frame, F0 x (coxa proximal width)^2, arms and L0 x coxa proximal width (inferred; leg_muscle_midhind_scale.csv)"
rm,tergopleural_promotor_a,Tergopleural/Pleural promotor MN,c_thorax-rm_coxa-yaw,-0.034621,-0.067339,21.4332,0.11091,0.5,1.6,10.0,1.4,0.0,0.8501,protraction,inferred,"lf in the thorax frame, F0 x (coxa proximal width)^2, arms and L0 x coxa proximal width (inferred; leg_muscle_midhind_scale.csv)"
rm,tergopleural_promotor_a,Tergopleural/Pleural promotor MN,c_thorax-rm_coxa-roll,-0.020618,-0.003236,21.4332,0.11091,0.5,1.6,10.0,1.4,0.0,0.8501,protraction,inferred,"lf in the thorax frame, F0 x (coxa proximal width)^2, arms and L0 x coxa proximal width (inferred; leg_muscle_midhind_scale.csv)"
rm,tergopleural_promotor_a,Tergopleural/Pleural promotor MN,c_thorax-rm_coxa-pitch,-0.035989,-0.041607,21.4332,0.11091,0.5,1.6,10.0,1.4,0.0,0.8501,protraction,inferred,"lf in the thorax frame, F0 x (coxa proximal width)^2, arms and L0 x coxa proximal width (inferred; leg_muscle_midhind_scale.csv)"
rm,tergopleural_promotor_b,Tergopleural/Pleural promotor MN,c_thorax-rm_coxa-yaw,-0.019871,-0.021715,102.0526,0.38611,0.5,1.6,10.0,1.4,0.0,0.9748,protraction,inferred,"lf in the thorax frame, F0 x (coxa proximal width)^2, arms and L0 x coxa proximal width (inferred; leg_muscle_midhind_scale.csv)"
rm,tergopleural_promotor_b,Tergopleural/Pleural promotor MN,c_thorax-rm_coxa-roll,0.007002,0.011717,102.0526,0.38611,0.5,1.6,10.0,1.4,0.0,0.9748,protraction,inferred,"lf in the thorax frame, F0 x (coxa proximal width)^2, arms and L0 x coxa proximal width (inferred; leg_muscle_midhind_scale.csv)"
rm,tergopleural_promotor_b,Tergopleural/Pleural promotor MN,c_thorax-rm_coxa-pitch,-0.007955,-0.00556,102.0526,0.38611,0.5,1.6,10.0,1.4,0.0,0.9748,protraction,inferred,"lf in the thorax frame, F0 x (coxa proximal width)^2, arms and L0 x coxa proximal width (inferred; leg_muscle_midhind_scale.csv)"
rm,pleural_remotor_and_abductor,Pleural remotor/abductor MN,c_thorax-rm_coxa-yaw,0.044152,0.042178,43.2946,0.1049,0.5,1.6,10.0,1.4,0.0,1.1404,retraction,inferred,"lf in the thorax frame, F0 x (coxa proximal width)^2, arms and L0 x coxa proximal width (inferred; leg_muscle_midhind_scale.csv)"
rm,pleural_remotor_and_abductor,Pleural remotor/abductor MN,c_thorax-rm_coxa-roll,-0.015626,-0.012173,43.2946,0.1049,0.5,1.6,10.0,1.4,0.0,1.1404,retraction,inferred,"lf in the thorax frame, F0 x (coxa proximal width)^2, arms and L0 x coxa proximal width (inferred; leg_muscle_midhind_scale.csv)"
rm,pleural_remotor_and_abductor,Pleural remotor/abductor MN,c_thorax-rm_coxa-pitch,0.058494,0.037266,43.2946,0.1049,0.5,1.6,10.0,1.4,0.0,1.1404,retraction,inferred,"lf in the thorax frame, F0 x (coxa proximal width)^2, arms and L0 x coxa proximal width (inferred; leg_muscle_midhind_scale.csv)"
rm,pleural_promotor,Tergopleural/Pleural promotor MN,c_thorax-rm_coxa-yaw,-0.010902,-0.01393,46.1479,0.07418,0.5,1.6,10.0,1.4,0.0,1.0252,protraction,inferred,"lf in the thorax frame, F0 x (coxa proximal width)^2, arms and L0 x coxa proximal width (inferred; leg_muscle_midhind_scale.csv)"
rm,pleural_promotor,Tergopleural/Pleural promotor MN,c_thorax-rm_coxa-roll,0.02839,0.032661,46.1479,0.07418,0.5,1.6,10.0,1.4,0.0,1.0252,protraction,inferred,"lf in the thorax frame, F0 x (coxa proximal width)^2, arms and L0 x coxa proximal width (inferred; leg_muscle_midhind_scale.csv)"
rm,pleural_promotor,Tergopleural/Pleural promotor MN,c_thorax-rm_coxa-pitch,-0.026706,-0.032423,46.1479,0.07418,0.5,1.6,10.0,1.4,0.0,1.0252,protraction,inferred,"lf in the thorax frame, F0 x (coxa proximal width)^2, arms and L0 x coxa proximal width (inferred; leg_muscle_midhind_scale.csv)"
rm,sternal_anterior_rotator,Sternal anterior rotator MN,c_thorax-rm_coxa-yaw,-0.040403,-0.045984,15.9345,0.06092,0.5,1.6,10.0,1.4,0.0,0.6258,protraction,inferred,"lf in the thorax frame, F0 x (coxa proximal width)^2, arms and L0 x coxa proximal width (inferred; leg_muscle_midhind_scale.csv)"
rm,sternal_anterior_rotator,Sternal anterior rotator MN,c_thorax-rm_coxa-roll,-0.002506,-0.002701,15.9345,0.06092,0.5,1.6,10.0,1.4,0.0,0.6258,protraction,inferred,"lf in the thorax frame, F0 x (coxa proximal width)^2, arms and L0 x coxa proximal width (inferred; leg_muscle_midhind_scale.csv)"
rm,sternal_anterior_rotator,Sternal anterior rotator MN,c_thorax-rm_coxa-pitch,-0.086118,-0.098494,15.9345,0.06092,0.5,1.6,10.0,1.4,0.0,0.6258,protraction,inferred,"lf in the thorax frame, F0 x (coxa proximal width)^2, arms and L0 x coxa proximal width (inferred; leg_muscle_midhind_scale.csv)"
rm,sternal_posterior_rotator,Sternal posterior rotator MN,c_thorax-rm_coxa-yaw,0.005981,-0.017592,237.0881,0.11651,0.5,1.6,10.0,1.4,0.0,0.937,retraction,inferred,"lf in the thorax frame, F0 x (coxa proximal width)^2, arms and L0 x coxa proximal width (inferred; leg_muscle_midhind_scale.csv)"
rm,sternal_posterior_rotator,Sternal posterior rotator MN,c_thorax-rm_coxa-roll,-0.066492,-0.071187,237.0881,0.11651,0.5,1.6,10.0,1.4,0.0,0.937,retraction,inferred,"lf in the thorax frame, F0 x (coxa proximal width)^2, arms and L0 x coxa proximal width (inferred; leg_muscle_midhind_scale.csv)"
rm,sternal_posterior_rotator,Sternal posterior rotator MN,c_thorax-rm_coxa-pitch,-0.037268,-0.016755,237.0881,0.11651,0.5,1.6,10.0,1.4,0.0,0.937,retraction,inferred,"lf in the thorax frame, F0 x (coxa proximal width)^2, arms and L0 x coxa proximal width (inferred; leg_muscle_midhind_scale.csv)"
rm,sternal_adductor,Sternal adductor MN,c_thorax-rm_coxa-yaw,0.086574,0.034142,19.4274,0.16047,0.5,1.6,10.0,1.4,0.0,0.6154,adduction,inferred,"lf in the thorax frame, F0 x (coxa proximal width)^2, arms and L0 x coxa proximal width (inferred; leg_muscle_midhind_scale.csv)"
rm,sternal_adductor,Sternal adductor MN,c_thorax-rm_coxa-roll,0.014119,-0.027276,19.4274,0.16047,0.5,1.6,10.0,1.4,0.0,0.6154,adduction,inferred,"lf in the thorax frame, F0 x (coxa proximal width)^2, arms and L0 x coxa proximal width (inferred; leg_muscle_midhind_scale.csv)"
rm,sternal_adductor,Sternal adductor MN,c_thorax-rm_coxa-pitch,-0.118777,-0.149711,19.4274,0.16047,0.5,1.6,10.0,1.4,0.0,0.6154,adduction,inferred,"lf in the thorax frame, F0 x (coxa proximal width)^2, arms and L0 x coxa proximal width (inferred; leg_muscle_midhind_scale.csv)"
rh,tergopleural_promotor_a,Tergopleural/Pleural promotor MN,c_thorax-rh_coxa-yaw,0.04091,0.028998,29.5767,0.13029,0.5,1.6,10.0,1.4,0.0,0.8501,protraction,inferred,"lf in the thorax frame, F0 x (coxa proximal width)^2, arms and L0 x coxa proximal width (inferred; leg_muscle_midhind_scale.csv)"
rh,tergopleural_promotor_a,Tergopleural/Pleural promotor MN,c_thorax-rh_coxa-roll,-0.024589,-0.027264,29.5767,0.13029,0.5,1.6,10.0,1.4,0.0,0.8501,protraction,inferred,"lf in the thorax frame, F0 x (coxa proximal width)^2, arms and L0 x coxa proximal width (inferred; leg_muscle_midhind_scale.csv)"
rh,tergopleural_promotor_a,Tergopleural/Pleural promotor MN,c_thorax-rh_coxa-pitch,-0.041829,-0.084122,29.5767,0.13029,0.5,1.6,10.0,1.4,0.0,0.8501,protraction,inferred,"lf in the thorax frame, F0 x (coxa proximal width)^2, arms and L0 x coxa proximal width (inferred; leg_muscle_midhind_scale.csv)"
rh,tergopleural_promotor_b,Tergopleural/Pleural promotor MN,c_thorax-rh_coxa-yaw,-0.000594,-0.006226,140.8271,0.45357,0.5,1.6,10.0,1.4,0.0,0.9748,protraction,inferred,"lf in the thorax frame, F0 x (coxa proximal width)^2, arms and L0 x coxa proximal width (inferred; leg_muscle_midhind_scale.csv)"
rh,tergopleural_promotor_b,Tergopleural/Pleural promotor MN,c_thorax-rh_coxa-roll,-0.002824,-0.000819,140.8271,0.45357,0.5,1.6,10.0,1.4,0.0,0.9748,protraction,inferred,"lf in the thorax frame, F0 x (coxa proximal width)^2, arms and L0 x coxa proximal width (inferred; leg_muscle_midhind_scale.csv)"
rh,tergopleural_promotor_b,Tergopleural/Pleural promotor MN,c_thorax-rh_coxa-pitch,-0.026296,-0.029041,140.8271,0.45357,0.5,1.6,10.0,1.4,0.0,0.9748,protraction,inferred,"lf in the thorax frame, F0 x (coxa proximal width)^2, arms and L0 x coxa proximal width (inferred; leg_muscle_midhind_scale.csv)"
rh,pleural_remotor_and_abductor,Pleural remotor/abductor MN,c_thorax-rh_coxa-yaw,-0.038546,-0.020332,59.7443,0.12323,0.5,1.6,10.0,1.4,0.0,1.1404,retraction,inferred,"lf in the thorax frame, F0 x (coxa proximal width)^2, arms and L0 x coxa proximal width (inferred; leg_muscle_midhind_scale.csv)"
rh,pleural_remotor_and_abductor,Pleural remotor/abductor MN,c_thorax-rh_coxa-roll,-0.011484,-0.000444,59.7443,0.12323,0.5,1.6,10.0,1.4,0.0,1.1404,retraction,inferred,"lf in the thorax frame, F0 x (coxa proximal width)^2, arms and L0 x coxa proximal width (inferred; leg_muscle_midhind_scale.csv)"
rh,pleural_remotor_and_abductor,Pleural remotor/abductor MN,c_thorax-rh_coxa-pitch,0.078301,0.064514,59.7443,0.12323,0.5,1.6,10.0,1.4,0.0,1.1404,retraction,inferred,"lf in the thorax frame, F0 x (coxa proximal width)^2, arms and L0 x coxa proximal width (inferred; leg_muscle_midhind_scale.csv)"
rh,pleural_promotor,Tergopleural/Pleural promotor MN,c_thorax-rh_coxa-yaw,0.006326,0.008655,63.6817,0.08714,0.5,1.6,10.0,1.4,0.0,1.0252,protraction,inferred,"lf in the thorax frame, F0 x (coxa proximal width)^2, arms and L0 x coxa proximal width (inferred; leg_muscle_midhind_scale.csv)"
rh,pleural_promotor,Tergopleural/Pleural promotor MN,c_thorax-rh_coxa-roll,0.030029,0.034408,63.6817,0.08714,0.5,1.6,10.0,1.4,0.0,1.0252,protraction,inferred,"lf in the thorax frame, F0 x (coxa proximal width)^2, arms and L0 x coxa proximal width (inferred; leg_muscle_midhind_scale.csv)"
rh,pleural_promotor,Tergopleural/Pleural promotor MN,c_thorax-rh_coxa-pitch,-0.036314,-0.04395,63.6817,0.08714,0.5,1.6,10.0,1.4,0.0,1.0252,protraction,inferred,"lf in the thorax frame, F0 x (coxa proximal width)^2, arms and L0 x coxa proximal width (inferred; leg_muscle_midhind_scale.csv)"
rh,sternal_anterior_rotator,Sternal anterior rotator MN,c_thorax-rh_coxa-yaw,0.077532,0.088618,21.9888,0.07156,0.5,1.6,10.0,1.4,0.0,0.6258,protraction,inferred,"lf in the thorax frame, F0 x (coxa proximal width)^2, arms and L0 x coxa proximal width (inferred; leg_muscle_midhind_scale.csv)"
rh,sternal_anterior_rotator,Sternal anterior rotator MN,c_thorax-rh_coxa-roll,0.009653,0.011328,21.9888,0.07156,0.5,1.6,10.0,1.4,0.0,0.6258,protraction,inferred,"lf in the thorax frame, F0 x (coxa proximal width)^2, arms and L0 x coxa proximal width (inferred; leg_muscle_midhind_scale.csv)"
rh,sternal_anterior_rotator,Sternal anterior rotator MN,c_thorax-rh_coxa-pitch,-0.079941,-0.091286,21.9888,0.07156,0.5,1.6,10.0,1.4,0.0,0.6258,protraction,inferred,"lf in the thorax frame, F0 x (coxa proximal width)^2, arms and L0 x coxa proximal width (inferred; leg_muscle_midhind_scale.csv)"
rh,sternal_posterior_rotator,Sternal posterior rotator MN,c_thorax-rh_coxa-yaw,0.078796,0.056858,327.1689,0.13687,0.5,1.6,10.0,1.4,0.0,0.937,retraction,inferred,"lf in the thorax frame, F0 x (coxa proximal width)^2, arms and L0 x coxa proximal width (inferred; leg_muscle_midhind_scale.csv)"
rh,sternal_posterior_rotator,Sternal posterior rotator MN,c_thorax-rh_coxa-roll,-0.039367,-0.067297,327.1689,0.13687,0.5,1.6,10.0,1.4,0.0,0.937,retraction,inferred,"lf in the thorax frame, F0 x (coxa proximal width)^2, arms and L0 x coxa proximal width (inferred; leg_muscle_midhind_scale.csv)"
rh,sternal_posterior_rotator,Sternal posterior rotator MN,c_thorax-rh_coxa-pitch,0.017563,0.006763,327.1689,0.13687,0.5,1.6,10.0,1.4,0.0,0.937,retraction,inferred,"lf in the thorax frame, F0 x (coxa proximal width)^2, arms and L0 x coxa proximal width (inferred; leg_muscle_midhind_scale.csv)"
rh,sternal_adductor,Sternal adductor MN,c_thorax-rh_coxa-yaw,0.124968,0.170174,26.8088,0.1885,0.5,1.6,10.0,1.4,0.0,0.6154,adduction,inferred,"lf in the thorax frame, F0 x (coxa proximal width)^2, arms and L0 x coxa proximal width (inferred; leg_muscle_midhind_scale.csv)"
rh,sternal_adductor,Sternal adductor MN,c_thorax-rh_coxa-roll,0.118621,0.062094,26.8088,0.1885,0.5,1.6,10.0,1.4,0.0,0.6154,adduction,inferred,"lf in the thorax frame, F0 x (coxa proximal width)^2, arms and L0 x coxa proximal width (inferred; leg_muscle_midhind_scale.csv)"
rh,sternal_adductor,Sternal adductor MN,c_thorax-rh_coxa-pitch,0.019949,-0.027377,26.8088,0.1885,0.5,1.6,10.0,1.4,0.0,0.6154,adduction,inferred,"lf in the thorax frame, F0 x (coxa proximal width)^2, arms and L0 x coxa proximal width (inferred; leg_muscle_midhind_scale.csv)"
