# Antagonist Hill-muscle pairs per flybody leg DOF (B4). Built by scripts/build_leg_muscles.py from FlyMimic (arXiv 2509.06426) moment arms; F0 in uN, r and L0 in mm; MuJoCo muscle curve semantics (lmin, lmax, vmax in L0/s, fvmax); fpmax 0 (passive torque is B3). Session 9.
joint,direction,F0_uN,r_mm,L0_mm,lmin,lmax,vmax,fvmax,fpmax,label,direction_basis,source,flymimic_members
c_thorax-lf_coxa-yaw,1,123.219,0.01828,0.2028,0.5,1.6,10.0,1.4,0.0,derived,guessed,FlyMimic front leg pooled (derived),LFC_tergopleural_promotor_a;LFC_tergopleural_promotor_b;LFC_pleural_promotor;LFC_sternal_anterior_rotator
c_thorax-lf_coxa-yaw,-1,199.077,0.03917,0.0959,0.5,1.6,10.0,1.4,0.0,derived,guessed,FlyMimic front leg pooled (derived),LFC_pleural_remotor_and_abductor;LFC_sternal_posterior_rotator;LFC_sternal_adductor
c_thorax-lf_coxa-roll,1,82.872,0.01924,0.0787,0.5,1.6,10.0,1.4,0.0,derived,guessed,FlyMimic front leg pooled (derived),LFC_pleural_remotor_and_abductor;LFC_pleural_promotor;LFC_sternal_anterior_rotator;LFC_sternal_adductor
c_thorax-lf_coxa-roll,-1,239.425,0.02713,0.1568,0.5,1.6,10.0,1.4,0.0,derived,guessed,FlyMimic front leg pooled (derived),LFC_tergopleural_promotor_a;LFC_tergopleural_promotor_b;LFC_sternal_posterior_rotator
c_thorax-lf_coxa-pitch,1,293.548,0.01942,0.1418,0.5,1.6,10.0,1.4,0.0,derived,guessed,FlyMimic front leg pooled (derived),LFC_tergopleural_promotor_a;LFC_tergopleural_promotor_b;LFC_pleural_promotor;LFC_sternal_anterior_rotator;LFC_sternal_posterior_rotator;LFC_sternal_adductor
c_thorax-lf_coxa-pitch,-1,28.748,0.03547,0.0855,0.5,1.6,10.0,1.4,0.0,derived,guessed,FlyMimic front leg pooled (derived),LFC_pleural_remotor_and_abductor
lf_coxa-lf_trochanterfemur-pitch,-1,149.669,0.02636,0.0951,0.5,1.6,10.0,1.4,0.0,derived,derived,FlyMimic front leg pooled (derived),LFF_trochanter_flexor_b;LFF_accesory_trochanter_flexor;LFF_trochanter_flexor_a
lf_coxa-lf_trochanterfemur-pitch,1,324.029,0.02743,0.1041,0.5,1.6,10.0,1.4,0.0,derived,derived,FlyMimic front leg pooled (derived),LFF_sterno-tergo-trochanter_extensor_a;LFF_sterno-tergo-trochanter_extensor_b;LFF_trochanter_extensor
lf_coxa-lf_trochanterfemur-roll,1,199.726,0.00774,0.0839,0.5,1.6,10.0,1.4,0.0,derived,guessed,FlyMimic front leg pooled (derived),LFF_sterno-tergo-trochanter_extensor_a;LFF_trochanter_extensor
lf_coxa-lf_trochanterfemur-roll,-1,273.972,0.01409,0.1139,0.5,1.6,10.0,1.4,0.0,derived,guessed,FlyMimic front leg pooled (derived),LFF_trochanter_flexor_b;LFF_sterno-tergo-trochanter_extensor_b;LFF_accesory_trochanter_flexor;LFF_trochanter_flexor_a
lf_trochanterfemur-lf_tibia-pitch,1,303.877,0.03324,0.0866,0.5,1.6,10.0,1.4,0.0,derived,derived,FlyMimic front leg pooled (derived),LFTibia_extensor_93932
lf_trochanterfemur-lf_tibia-pitch,-1,68.121,0.01524,0.3088,0.5,1.6,10.0,1.4,0.0,derived,derived,FlyMimic front leg pooled (derived),LFTibia_flex_93434
lf_tibia-lf_tarsus1-pitch,1,20.0,0.01,0.1,0.5,1.6,10.0,1.4,0.0,guessed,guessed,no FlyMimic tarsal muscle; placeholder,
lf_tibia-lf_tarsus1-pitch,-1,20.0,0.01,0.1,0.5,1.6,10.0,1.4,0.0,guessed,guessed,no FlyMimic tarsal muscle; placeholder,
c_thorax-lm_coxa-yaw,1,123.219,0.01828,0.2028,0.5,1.6,10.0,1.4,0.0,guessed,guessed,copy of the front-leg pair (guessed; FlyMimic mid/hind unfitted),LFC_tergopleural_promotor_a;LFC_tergopleural_promotor_b;LFC_pleural_promotor;LFC_sternal_anterior_rotator
c_thorax-lm_coxa-yaw,-1,199.077,0.03917,0.0959,0.5,1.6,10.0,1.4,0.0,guessed,guessed,copy of the front-leg pair (guessed; FlyMimic mid/hind unfitted),LFC_pleural_remotor_and_abductor;LFC_sternal_posterior_rotator;LFC_sternal_adductor
c_thorax-lm_coxa-roll,1,82.872,0.01924,0.0787,0.5,1.6,10.0,1.4,0.0,guessed,guessed,copy of the front-leg pair (guessed; FlyMimic mid/hind unfitted),LFC_pleural_remotor_and_abductor;LFC_pleural_promotor;LFC_sternal_anterior_rotator;LFC_sternal_adductor
c_thorax-lm_coxa-roll,-1,239.425,0.02713,0.1568,0.5,1.6,10.0,1.4,0.0,guessed,guessed,copy of the front-leg pair (guessed; FlyMimic mid/hind unfitted),LFC_tergopleural_promotor_a;LFC_tergopleural_promotor_b;LFC_sternal_posterior_rotator
c_thorax-lm_coxa-pitch,1,293.548,0.01942,0.1418,0.5,1.6,10.0,1.4,0.0,guessed,guessed,copy of the front-leg pair (guessed; FlyMimic mid/hind unfitted),LFC_tergopleural_promotor_a;LFC_tergopleural_promotor_b;LFC_pleural_promotor;LFC_sternal_anterior_rotator;LFC_sternal_posterior_rotator;LFC_sternal_adductor
c_thorax-lm_coxa-pitch,-1,28.748,0.03547,0.0855,0.5,1.6,10.0,1.4,0.0,guessed,guessed,copy of the front-leg pair (guessed; FlyMimic mid/hind unfitted),LFC_pleural_remotor_and_abductor
lm_coxa-lm_trochanterfemur-pitch,-1,149.669,0.02636,0.0951,0.5,1.6,10.0,1.4,0.0,guessed,derived,copy of the front-leg pair (guessed; FlyMimic mid/hind unfitted),LFF_trochanter_flexor_b;LFF_accesory_trochanter_flexor;LFF_trochanter_flexor_a
lm_coxa-lm_trochanterfemur-pitch,1,324.029,0.02743,0.1041,0.5,1.6,10.0,1.4,0.0,guessed,derived,copy of the front-leg pair (guessed; FlyMimic mid/hind unfitted),LFF_sterno-tergo-trochanter_extensor_a;LFF_sterno-tergo-trochanter_extensor_b;LFF_trochanter_extensor
lm_coxa-lm_trochanterfemur-roll,1,199.726,0.00774,0.0839,0.5,1.6,10.0,1.4,0.0,guessed,guessed,copy of the front-leg pair (guessed; FlyMimic mid/hind unfitted),LFF_sterno-tergo-trochanter_extensor_a;LFF_trochanter_extensor
lm_coxa-lm_trochanterfemur-roll,-1,273.972,0.01409,0.1139,0.5,1.6,10.0,1.4,0.0,guessed,guessed,copy of the front-leg pair (guessed; FlyMimic mid/hind unfitted),LFF_trochanter_flexor_b;LFF_sterno-tergo-trochanter_extensor_b;LFF_accesory_trochanter_flexor;LFF_trochanter_flexor_a
lm_trochanterfemur-lm_tibia-pitch,1,303.877,0.03324,0.0866,0.5,1.6,10.0,1.4,0.0,guessed,derived,copy of the front-leg pair (guessed; FlyMimic mid/hind unfitted),LFTibia_extensor_93932
lm_trochanterfemur-lm_tibia-pitch,-1,68.121,0.01524,0.3088,0.5,1.6,10.0,1.4,0.0,guessed,derived,copy of the front-leg pair (guessed; FlyMimic mid/hind unfitted),LFTibia_flex_93434
lm_tibia-lm_tarsus1-pitch,1,20.0,0.01,0.1,0.5,1.6,10.0,1.4,0.0,guessed,guessed,no FlyMimic tarsal muscle; placeholder,
lm_tibia-lm_tarsus1-pitch,-1,20.0,0.01,0.1,0.5,1.6,10.0,1.4,0.0,guessed,guessed,no FlyMimic tarsal muscle; placeholder,
c_thorax-lh_coxa-yaw,1,123.219,0.01828,0.2028,0.5,1.6,10.0,1.4,0.0,guessed,guessed,copy of the front-leg pair (guessed; FlyMimic mid/hind unfitted),LFC_tergopleural_promotor_a;LFC_tergopleural_promotor_b;LFC_pleural_promotor;LFC_sternal_anterior_rotator
c_thorax-lh_coxa-yaw,-1,199.077,0.03917,0.0959,0.5,1.6,10.0,1.4,0.0,guessed,guessed,copy of the front-leg pair (guessed; FlyMimic mid/hind unfitted),LFC_pleural_remotor_and_abductor;LFC_sternal_posterior_rotator;LFC_sternal_adductor
c_thorax-lh_coxa-roll,1,82.872,0.01924,0.0787,0.5,1.6,10.0,1.4,0.0,guessed,guessed,copy of the front-leg pair (guessed; FlyMimic mid/hind unfitted),LFC_pleural_remotor_and_abductor;LFC_pleural_promotor;LFC_sternal_anterior_rotator;LFC_sternal_adductor
c_thorax-lh_coxa-roll,-1,239.425,0.02713,0.1568,0.5,1.6,10.0,1.4,0.0,guessed,guessed,copy of the front-leg pair (guessed; FlyMimic mid/hind unfitted),LFC_tergopleural_promotor_a;LFC_tergopleural_promotor_b;LFC_sternal_posterior_rotator
c_thorax-lh_coxa-pitch,1,293.548,0.01942,0.1418,0.5,1.6,10.0,1.4,0.0,guessed,guessed,copy of the front-leg pair (guessed; FlyMimic mid/hind unfitted),LFC_tergopleural_promotor_a;LFC_tergopleural_promotor_b;LFC_pleural_promotor;LFC_sternal_anterior_rotator;LFC_sternal_posterior_rotator;LFC_sternal_adductor
c_thorax-lh_coxa-pitch,-1,28.748,0.03547,0.0855,0.5,1.6,10.0,1.4,0.0,guessed,guessed,copy of the front-leg pair (guessed; FlyMimic mid/hind unfitted),LFC_pleural_remotor_and_abductor
lh_coxa-lh_trochanterfemur-pitch,-1,149.669,0.02636,0.0951,0.5,1.6,10.0,1.4,0.0,guessed,derived,copy of the front-leg pair (guessed; FlyMimic mid/hind unfitted),LFF_trochanter_flexor_b;LFF_accesory_trochanter_flexor;LFF_trochanter_flexor_a
lh_coxa-lh_trochanterfemur-pitch,1,324.029,0.02743,0.1041,0.5,1.6,10.0,1.4,0.0,guessed,derived,copy of the front-leg pair (guessed; FlyMimic mid/hind unfitted),LFF_sterno-tergo-trochanter_extensor_a;LFF_sterno-tergo-trochanter_extensor_b;LFF_trochanter_extensor
lh_coxa-lh_trochanterfemur-roll,1,199.726,0.00774,0.0839,0.5,1.6,10.0,1.4,0.0,guessed,guessed,copy of the front-leg pair (guessed; FlyMimic mid/hind unfitted),LFF_sterno-tergo-trochanter_extensor_a;LFF_trochanter_extensor
lh_coxa-lh_trochanterfemur-roll,-1,273.972,0.01409,0.1139,0.5,1.6,10.0,1.4,0.0,guessed,guessed,copy of the front-leg pair (guessed; FlyMimic mid/hind unfitted),LFF_trochanter_flexor_b;LFF_sterno-tergo-trochanter_extensor_b;LFF_accesory_trochanter_flexor;LFF_trochanter_flexor_a
lh_trochanterfemur-lh_tibia-pitch,1,303.877,0.03324,0.0866,0.5,1.6,10.0,1.4,0.0,guessed,derived,copy of the front-leg pair (guessed; FlyMimic mid/hind unfitted),LFTibia_extensor_93932
lh_trochanterfemur-lh_tibia-pitch,-1,68.121,0.01524,0.3088,0.5,1.6,10.0,1.4,0.0,guessed,derived,copy of the front-leg pair (guessed; FlyMimic mid/hind unfitted),LFTibia_flex_93434
lh_tibia-lh_tarsus1-pitch,1,20.0,0.01,0.1,0.5,1.6,10.0,1.4,0.0,guessed,guessed,no FlyMimic tarsal muscle; placeholder,
lh_tibia-lh_tarsus1-pitch,-1,20.0,0.01,0.1,0.5,1.6,10.0,1.4,0.0,guessed,guessed,no FlyMimic tarsal muscle; placeholder,
c_thorax-rf_coxa-yaw,1,123.219,0.01828,0.2028,0.5,1.6,10.0,1.4,0.0,derived,guessed,FlyMimic front leg pooled (derived),LFC_tergopleural_promotor_a;LFC_tergopleural_promotor_b;LFC_pleural_promotor;LFC_sternal_anterior_rotator
c_thorax-rf_coxa-yaw,-1,199.077,0.03917,0.0959,0.5,1.6,10.0,1.4,0.0,derived,guessed,FlyMimic front leg pooled (derived),LFC_pleural_remotor_and_abductor;LFC_sternal_posterior_rotator;LFC_sternal_adductor
c_thorax-rf_coxa-roll,1,82.872,0.01924,0.0787,0.5,1.6,10.0,1.4,0.0,derived,guessed,FlyMimic front leg pooled (derived),LFC_pleural_remotor_and_abductor;LFC_pleural_promotor;LFC_sternal_anterior_rotator;LFC_sternal_adductor
c_thorax-rf_coxa-roll,-1,239.425,0.02713,0.1568,0.5,1.6,10.0,1.4,0.0,derived,guessed,FlyMimic front leg pooled (derived),LFC_tergopleural_promotor_a;LFC_tergopleural_promotor_b;LFC_sternal_posterior_rotator
c_thorax-rf_coxa-pitch,1,293.548,0.01942,0.1418,0.5,1.6,10.0,1.4,0.0,derived,guessed,FlyMimic front leg pooled (derived),LFC_tergopleural_promotor_a;LFC_tergopleural_promotor_b;LFC_pleural_promotor;LFC_sternal_anterior_rotator;LFC_sternal_posterior_rotator;LFC_sternal_adductor
c_thorax-rf_coxa-pitch,-1,28.748,0.03547,0.0855,0.5,1.6,10.0,1.4,0.0,derived,guessed,FlyMimic front leg pooled (derived),LFC_pleural_remotor_and_abductor
rf_coxa-rf_trochanterfemur-pitch,-1,149.669,0.02636,0.0951,0.5,1.6,10.0,1.4,0.0,derived,derived,FlyMimic front leg pooled (derived),LFF_trochanter_flexor_b;LFF_accesory_trochanter_flexor;LFF_trochanter_flexor_a
rf_coxa-rf_trochanterfemur-pitch,1,324.029,0.02743,0.1041,0.5,1.6,10.0,1.4,0.0,derived,derived,FlyMimic front leg pooled (derived),LFF_sterno-tergo-trochanter_extensor_a;LFF_sterno-tergo-trochanter_extensor_b;LFF_trochanter_extensor
rf_coxa-rf_trochanterfemur-roll,1,199.726,0.00774,0.0839,0.5,1.6,10.0,1.4,0.0,derived,guessed,FlyMimic front leg pooled (derived),LFF_sterno-tergo-trochanter_extensor_a;LFF_trochanter_extensor
rf_coxa-rf_trochanterfemur-roll,-1,273.972,0.01409,0.1139,0.5,1.6,10.0,1.4,0.0,derived,guessed,FlyMimic front leg pooled (derived),LFF_trochanter_flexor_b;LFF_sterno-tergo-trochanter_extensor_b;LFF_accesory_trochanter_flexor;LFF_trochanter_flexor_a
rf_trochanterfemur-rf_tibia-pitch,1,303.877,0.03324,0.0866,0.5,1.6,10.0,1.4,0.0,derived,derived,FlyMimic front leg pooled (derived),LFTibia_extensor_93932
rf_trochanterfemur-rf_tibia-pitch,-1,68.121,0.01524,0.3088,0.5,1.6,10.0,1.4,0.0,derived,derived,FlyMimic front leg pooled (derived),LFTibia_flex_93434
rf_tibia-rf_tarsus1-pitch,1,20.0,0.01,0.1,0.5,1.6,10.0,1.4,0.0,guessed,guessed,no FlyMimic tarsal muscle; placeholder,
rf_tibia-rf_tarsus1-pitch,-1,20.0,0.01,0.1,0.5,1.6,10.0,1.4,0.0,guessed,guessed,no FlyMimic tarsal muscle; placeholder,
c_thorax-rm_coxa-yaw,1,123.219,0.01828,0.2028,0.5,1.6,10.0,1.4,0.0,guessed,guessed,copy of the front-leg pair (guessed; FlyMimic mid/hind unfitted),LFC_tergopleural_promotor_a;LFC_tergopleural_promotor_b;LFC_pleural_promotor;LFC_sternal_anterior_rotator
c_thorax-rm_coxa-yaw,-1,199.077,0.03917,0.0959,0.5,1.6,10.0,1.4,0.0,guessed,guessed,copy of the front-leg pair (guessed; FlyMimic mid/hind unfitted),LFC_pleural_remotor_and_abductor;LFC_sternal_posterior_rotator;LFC_sternal_adductor
c_thorax-rm_coxa-roll,1,82.872,0.01924,0.0787,0.5,1.6,10.0,1.4,0.0,guessed,guessed,copy of the front-leg pair (guessed; FlyMimic mid/hind unfitted),LFC_pleural_remotor_and_abductor;LFC_pleural_promotor;LFC_sternal_anterior_rotator;LFC_sternal_adductor
c_thorax-rm_coxa-roll,-1,239.425,0.02713,0.1568,0.5,1.6,10.0,1.4,0.0,guessed,guessed,copy of the front-leg pair (guessed; FlyMimic mid/hind unfitted),LFC_tergopleural_promotor_a;LFC_tergopleural_promotor_b;LFC_sternal_posterior_rotator
c_thorax-rm_coxa-pitch,1,293.548,0.01942,0.1418,0.5,1.6,10.0,1.4,0.0,guessed,guessed,copy of the front-leg pair (guessed; FlyMimic mid/hind unfitted),LFC_tergopleural_promotor_a;LFC_tergopleural_promotor_b;LFC_pleural_promotor;LFC_sternal_anterior_rotator;LFC_sternal_posterior_rotator;LFC_sternal_adductor
c_thorax-rm_coxa-pitch,-1,28.748,0.03547,0.0855,0.5,1.6,10.0,1.4,0.0,guessed,guessed,copy of the front-leg pair (guessed; FlyMimic mid/hind unfitted),LFC_pleural_remotor_and_abductor
rm_coxa-rm_trochanterfemur-pitch,-1,149.669,0.02636,0.0951,0.5,1.6,10.0,1.4,0.0,guessed,derived,copy of the front-leg pair (guessed; FlyMimic mid/hind unfitted),LFF_trochanter_flexor_b;LFF_accesory_trochanter_flexor;LFF_trochanter_flexor_a
rm_coxa-rm_trochanterfemur-pitch,1,324.029,0.02743,0.1041,0.5,1.6,10.0,1.4,0.0,guessed,derived,copy of the front-leg pair (guessed; FlyMimic mid/hind unfitted),LFF_sterno-tergo-trochanter_extensor_a;LFF_sterno-tergo-trochanter_extensor_b;LFF_trochanter_extensor
rm_coxa-rm_trochanterfemur-roll,1,199.726,0.00774,0.0839,0.5,1.6,10.0,1.4,0.0,guessed,guessed,copy of the front-leg pair (guessed; FlyMimic mid/hind unfitted),LFF_sterno-tergo-trochanter_extensor_a;LFF_trochanter_extensor
rm_coxa-rm_trochanterfemur-roll,-1,273.972,0.01409,0.1139,0.5,1.6,10.0,1.4,0.0,guessed,guessed,copy of the front-leg pair (guessed; FlyMimic mid/hind unfitted),LFF_trochanter_flexor_b;LFF_sterno-tergo-trochanter_extensor_b;LFF_accesory_trochanter_flexor;LFF_trochanter_flexor_a
rm_trochanterfemur-rm_tibia-pitch,1,303.877,0.03324,0.0866,0.5,1.6,10.0,1.4,0.0,guessed,derived,copy of the front-leg pair (guessed; FlyMimic mid/hind unfitted),LFTibia_extensor_93932
rm_trochanterfemur-rm_tibia-pitch,-1,68.121,0.01524,0.3088,0.5,1.6,10.0,1.4,0.0,guessed,derived,copy of the front-leg pair (guessed; FlyMimic mid/hind unfitted),LFTibia_flex_93434
rm_tibia-rm_tarsus1-pitch,1,20.0,0.01,0.1,0.5,1.6,10.0,1.4,0.0,guessed,guessed,no FlyMimic tarsal muscle; placeholder,
rm_tibia-rm_tarsus1-pitch,-1,20.0,0.01,0.1,0.5,1.6,10.0,1.4,0.0,guessed,guessed,no FlyMimic tarsal muscle; placeholder,
c_thorax-rh_coxa-yaw,1,123.219,0.01828,0.2028,0.5,1.6,10.0,1.4,0.0,guessed,guessed,copy of the front-leg pair (guessed; FlyMimic mid/hind unfitted),LFC_tergopleural_promotor_a;LFC_tergopleural_promotor_b;LFC_pleural_promotor;LFC_sternal_anterior_rotator
c_thorax-rh_coxa-yaw,-1,199.077,0.03917,0.0959,0.5,1.6,10.0,1.4,0.0,guessed,guessed,copy of the front-leg pair (guessed; FlyMimic mid/hind unfitted),LFC_pleural_remotor_and_abductor;LFC_sternal_posterior_rotator;LFC_sternal_adductor
c_thorax-rh_coxa-roll,1,82.872,0.01924,0.0787,0.5,1.6,10.0,1.4,0.0,guessed,guessed,copy of the front-leg pair (guessed; FlyMimic mid/hind unfitted),LFC_pleural_remotor_and_abductor;LFC_pleural_promotor;LFC_sternal_anterior_rotator;LFC_sternal_adductor
c_thorax-rh_coxa-roll,-1,239.425,0.02713,0.1568,0.5,1.6,10.0,1.4,0.0,guessed,guessed,copy of the front-leg pair (guessed; FlyMimic mid/hind unfitted),LFC_tergopleural_promotor_a;LFC_tergopleural_promotor_b;LFC_sternal_posterior_rotator
c_thorax-rh_coxa-pitch,1,293.548,0.01942,0.1418,0.5,1.6,10.0,1.4,0.0,guessed,guessed,copy of the front-leg pair (guessed; FlyMimic mid/hind unfitted),LFC_tergopleural_promotor_a;LFC_tergopleural_promotor_b;LFC_pleural_promotor;LFC_sternal_anterior_rotator;LFC_sternal_posterior_rotator;LFC_sternal_adductor
c_thorax-rh_coxa-pitch,-1,28.748,0.03547,0.0855,0.5,1.6,10.0,1.4,0.0,guessed,guessed,copy of the front-leg pair (guessed; FlyMimic mid/hind unfitted),LFC_pleural_remotor_and_abductor
rh_coxa-rh_trochanterfemur-pitch,-1,149.669,0.02636,0.0951,0.5,1.6,10.0,1.4,0.0,guessed,derived,copy of the front-leg pair (guessed; FlyMimic mid/hind unfitted),LFF_trochanter_flexor_b;LFF_accesory_trochanter_flexor;LFF_trochanter_flexor_a
rh_coxa-rh_trochanterfemur-pitch,1,324.029,0.02743,0.1041,0.5,1.6,10.0,1.4,0.0,guessed,derived,copy of the front-leg pair (guessed; FlyMimic mid/hind unfitted),LFF_sterno-tergo-trochanter_extensor_a;LFF_sterno-tergo-trochanter_extensor_b;LFF_trochanter_extensor
rh_coxa-rh_trochanterfemur-roll,1,199.726,0.00774,0.0839,0.5,1.6,10.0,1.4,0.0,guessed,guessed,copy of the front-leg pair (guessed; FlyMimic mid/hind unfitted),LFF_sterno-tergo-trochanter_extensor_a;LFF_trochanter_extensor
rh_coxa-rh_trochanterfemur-roll,-1,273.972,0.01409,0.1139,0.5,1.6,10.0,1.4,0.0,guessed,guessed,copy of the front-leg pair (guessed; FlyMimic mid/hind unfitted),LFF_trochanter_flexor_b;LFF_sterno-tergo-trochanter_extensor_b;LFF_accesory_trochanter_flexor;LFF_trochanter_flexor_a
rh_trochanterfemur-rh_tibia-pitch,1,303.877,0.03324,0.0866,0.5,1.6,10.0,1.4,0.0,guessed,derived,copy of the front-leg pair (guessed; FlyMimic mid/hind unfitted),LFTibia_extensor_93932
rh_trochanterfemur-rh_tibia-pitch,-1,68.121,0.01524,0.3088,0.5,1.6,10.0,1.4,0.0,guessed,derived,copy of the front-leg pair (guessed; FlyMimic mid/hind unfitted),LFTibia_flex_93434
rh_tibia-rh_tarsus1-pitch,1,20.0,0.01,0.1,0.5,1.6,10.0,1.4,0.0,guessed,guessed,no FlyMimic tarsal muscle; placeholder,
rh_tibia-rh_tarsus1-pitch,-1,20.0,0.01,0.1,0.5,1.6,10.0,1.4,0.0,guessed,guessed,no FlyMimic tarsal muscle; placeholder,
