# Absolute ORN rates per type. Generated by scripts/orn_rates.py; see its docstring.
orn_type,door_unit,sfr_hz,rmax_hz,sfr_basis,rmax_basis,source,justification
ORN_D,Or69a,12.0,253.0,inferred,inferred,"Hallem & Carlson 2006 Cell 125:143 (via DoOR.data db323a4, Hallem.2006.EN)","no Hallem 2006 receptor for this type: median over the 23 covered types (SFR range 1-47 Hz, Rmax 71-300 Hz)"
ORN_DA1,none,12.0,253.0,inferred,inferred,"Hallem & Carlson 2006 Cell 125:143 (via DoOR.data db323a4, Hallem.2006.EN)","no Hallem 2006 receptor for this type: median over the 23 covered types (SFR range 1-47 Hz, Rmax 71-300 Hz)"
ORN_DA2,ab4B;Or33a,12.0,253.0,inferred,inferred,"Hallem & Carlson 2006 Cell 125:143 (via DoOR.data db323a4, Hallem.2006.EN)","no Hallem 2006 receptor for this type: median over the 23 covered types (SFR range 1-47 Hz, Rmax 71-300 Hz)"
ORN_DA3,Or23a,9.0,91.0,measured,derived,"Hallem & Carlson 2006 Cell 125:143 (via DoOR.data db323a4, Hallem.2006.EN)",Or23a in the ab3A empty neuron (heterologous: native neuron may differ); rmax = SFR + max of 110 odour responses at 1e-2
ORN_DA4l,Or43a,21.0,175.0,measured,derived,"Hallem & Carlson 2006 Cell 125:143 (via DoOR.data db323a4, Hallem.2006.EN)",Or43a in the ab3A empty neuron (heterologous: native neuron may differ); rmax = SFR + max of 110 odour responses at 1e-2
ORN_DA4m,Or2a,8.0,81.0,measured,derived,"Hallem & Carlson 2006 Cell 125:143 (via DoOR.data db323a4, Hallem.2006.EN)",Or2a in the ab3A empty neuron (heterologous: native neuron may differ); rmax = SFR + max of 110 odour responses at 1e-2
ORN_DC1,Or19a,29.0,207.0,measured,derived,"Hallem & Carlson 2006 Cell 125:143 (via DoOR.data db323a4, Hallem.2006.EN)",Or19a in the ab3A empty neuron (heterologous: native neuron may differ); rmax = SFR + max of 110 odour responses at 1e-2
ORN_DC2,Or13a,12.0,253.0,inferred,inferred,"Hallem & Carlson 2006 Cell 125:143 (via DoOR.data db323a4, Hallem.2006.EN)","no Hallem 2006 receptor for this type: median over the 23 covered types (SFR range 1-47 Hz, Rmax 71-300 Hz)"
ORN_DC3,Or83c,12.0,253.0,inferred,inferred,"Hallem & Carlson 2006 Cell 125:143 (via DoOR.data db323a4, Hallem.2006.EN)","no Hallem 2006 receptor for this type: median over the 23 covered types (SFR range 1-47 Hz, Rmax 71-300 Hz)"
ORN_DC4,Ir64a.DC4,12.0,253.0,inferred,inferred,"Hallem & Carlson 2006 Cell 125:143 (via DoOR.data db323a4, Hallem.2006.EN)","no Hallem 2006 receptor for this type: median over the 23 covered types (SFR range 1-47 Hz, Rmax 71-300 Hz)"
ORN_DL1,Or10a,14.0,296.0,measured,derived,"Hallem & Carlson 2006 Cell 125:143 (via DoOR.data db323a4, Hallem.2006.EN)",Or10a in the ab3A empty neuron (heterologous: native neuron may differ); rmax = SFR + max of 110 odour responses at 1e-2
ORN_DL2d,ac3A;ac3_noOr35a,12.0,253.0,inferred,inferred,"Hallem & Carlson 2006 Cell 125:143 (via DoOR.data db323a4, Hallem.2006.EN)","no Hallem 2006 receptor for this type: median over the 23 covered types (SFR range 1-47 Hz, Rmax 71-300 Hz)"
ORN_DL2v,ac3A,12.0,253.0,inferred,inferred,"Hallem & Carlson 2006 Cell 125:143 (via DoOR.data db323a4, Hallem.2006.EN)","no Hallem 2006 receptor for this type: median over the 23 covered types (SFR range 1-47 Hz, Rmax 71-300 Hz)"
ORN_DL3,Or65a,18.0,85.0,measured,derived,"Hallem & Carlson 2006 Cell 125:143 (via DoOR.data db323a4, Hallem.2006.EN)",Or65a in the ab3A empty neuron (heterologous: native neuron may differ); rmax = SFR + max of 110 odour responses at 1e-2
ORN_DL4,Or85f,7.0,98.0,measured,derived,"Hallem & Carlson 2006 Cell 125:143 (via DoOR.data db323a4, Hallem.2006.EN)",Or85f in the ab3A empty neuron (heterologous: native neuron may differ); rmax = SFR + max of 110 odour responses at 1e-2
ORN_DL5,Or7a,17.0,255.0,measured,derived,"Hallem & Carlson 2006 Cell 125:143 (via DoOR.data db323a4, Hallem.2006.EN)",Or7a in the ab3A empty neuron (heterologous: native neuron may differ); rmax = SFR + max of 110 odour responses at 1e-2
ORN_DM1,Or42b,12.0,253.0,inferred,inferred,"Hallem & Carlson 2006 Cell 125:143 (via DoOR.data db323a4, Hallem.2006.EN)","no Hallem 2006 receptor for this type: median over the 23 covered types (SFR range 1-47 Hz, Rmax 71-300 Hz)"
ORN_DM2,Or22a,4.0,264.0,measured,derived,"Hallem & Carlson 2006 Cell 125:143 (via DoOR.data db323a4, Hallem.2006.EN)",Or22a in the ab3A empty neuron (heterologous: native neuron may differ); rmax = SFR + max of 110 odour responses at 1e-2
ORN_DM3,Or47a,1.0,243.0,measured,derived,"Hallem & Carlson 2006 Cell 125:143 (via DoOR.data db323a4, Hallem.2006.EN)",Or47a in the ab3A empty neuron (heterologous: native neuron may differ); rmax = SFR + max of 110 odour responses at 1e-2
ORN_DM4,Or59b,2.0,273.0,measured,derived,"Hallem & Carlson 2006 Cell 125:143 (via DoOR.data db323a4, Hallem.2006.EN)",Or59b in the ab3A empty neuron (heterologous: native neuron may differ); rmax = SFR + max of 110 odour responses at 1e-2
ORN_DM5,Or85a,14.0,238.0,measured,derived,"Hallem & Carlson 2006 Cell 125:143 (via DoOR.data db323a4, Hallem.2006.EN)",Or85a in the ab3A empty neuron (heterologous: native neuron may differ); rmax = SFR + max of 110 odour responses at 1e-2
ORN_DM6,Or67a,11.0,258.0,measured,derived,"Hallem & Carlson 2006 Cell 125:143 (via DoOR.data db323a4, Hallem.2006.EN)",Or67a in the ab3A empty neuron (heterologous: native neuron may differ); rmax = SFR + max of 110 odour responses at 1e-2
ORN_DP1l,Ir75a,12.0,253.0,inferred,inferred,"Hallem & Carlson 2006 Cell 125:143 (via DoOR.data db323a4, Hallem.2006.EN)","no Hallem 2006 receptor for this type: median over the 23 covered types (SFR range 1-47 Hz, Rmax 71-300 Hz)"
ORN_DP1m,Ir64a.DP1m,12.0,253.0,inferred,inferred,"Hallem & Carlson 2006 Cell 125:143 (via DoOR.data db323a4, Hallem.2006.EN)","no Hallem 2006 receptor for this type: median over the 23 covered types (SFR range 1-47 Hz, Rmax 71-300 Hz)"
ORN_VA1d,Or88a,26.0,71.0,measured,derived,"Hallem & Carlson 2006 Cell 125:143 (via DoOR.data db323a4, Hallem.2006.EN)",Or88a in the ab3A empty neuron (heterologous: native neuron may differ); rmax = SFR + max of 110 odour responses at 1e-2
ORN_VA1v,Or47b,47.0,112.0,measured,derived,"Hallem & Carlson 2006 Cell 125:143 (via DoOR.data db323a4, Hallem.2006.EN)",Or47b in the ab3A empty neuron (heterologous: native neuron may differ); rmax = SFR + max of 110 odour responses at 1e-2
ORN_VA2,Or92a,12.0,253.0,inferred,inferred,"Hallem & Carlson 2006 Cell 125:143 (via DoOR.data db323a4, Hallem.2006.EN)","no Hallem 2006 receptor for this type: median over the 23 covered types (SFR range 1-47 Hz, Rmax 71-300 Hz)"
ORN_VA3,Or67b,12.0,253.0,inferred,inferred,"Hallem & Carlson 2006 Cell 125:143 (via DoOR.data db323a4, Hallem.2006.EN)","no Hallem 2006 receptor for this type: median over the 23 covered types (SFR range 1-47 Hz, Rmax 71-300 Hz)"
ORN_VA4,Or85d,12.0,253.0,inferred,inferred,"Hallem & Carlson 2006 Cell 125:143 (via DoOR.data db323a4, Hallem.2006.EN)","no Hallem 2006 receptor for this type: median over the 23 covered types (SFR range 1-47 Hz, Rmax 71-300 Hz)"
ORN_VA5,Or49b,8.0,266.0,measured,derived,"Hallem & Carlson 2006 Cell 125:143 (via DoOR.data db323a4, Hallem.2006.EN)",Or49b in the ab3A empty neuron (heterologous: native neuron may differ); rmax = SFR + max of 110 odour responses at 1e-2
ORN_VA6,Or82a,16.0,273.0,measured,derived,"Hallem & Carlson 2006 Cell 125:143 (via DoOR.data db323a4, Hallem.2006.EN)",Or82a in the ab3A empty neuron (heterologous: native neuron may differ); rmax = SFR + max of 110 odour responses at 1e-2
ORN_VA7l,Or46a,12.0,253.0,inferred,inferred,"Hallem & Carlson 2006 Cell 125:143 (via DoOR.data db323a4, Hallem.2006.EN)","no Hallem 2006 receptor for this type: median over the 23 covered types (SFR range 1-47 Hz, Rmax 71-300 Hz)"
ORN_VA7m,none,12.0,253.0,inferred,inferred,"Hallem & Carlson 2006 Cell 125:143 (via DoOR.data db323a4, Hallem.2006.EN)","no Hallem 2006 receptor for this type: median over the 23 covered types (SFR range 1-47 Hz, Rmax 71-300 Hz)"
ORN_VC1,Or33c;Or85e,12.0,253.0,inferred,inferred,"Hallem & Carlson 2006 Cell 125:143 (via DoOR.data db323a4, Hallem.2006.EN)","no Hallem 2006 receptor for this type: median over the 23 covered types (SFR range 1-47 Hz, Rmax 71-300 Hz)"
ORN_VC2,Or71a,12.0,253.0,inferred,inferred,"Hallem & Carlson 2006 Cell 125:143 (via DoOR.data db323a4, Hallem.2006.EN)","no Hallem 2006 receptor for this type: median over the 23 covered types (SFR range 1-47 Hz, Rmax 71-300 Hz)"
ORN_VC3,Or35a,17.0,271.0,measured,derived,"Hallem & Carlson 2006 Cell 125:143 (via DoOR.data db323a4, Hallem.2006.EN)",Or35a in the ab3A empty neuron (heterologous: native neuron may differ); rmax = SFR + max of 110 odour responses at 1e-2
ORN_VC4,Or67c,6.0,300.0,measured,derived,"Hallem & Carlson 2006 Cell 125:143 (via DoOR.data db323a4, Hallem.2006.EN)",Or67c in the ab3A empty neuron (heterologous: native neuron may differ); rmax = SFR + max of 110 odour responses at 1e-2
ORN_VC5,Ir41a,12.0,253.0,inferred,inferred,"Hallem & Carlson 2006 Cell 125:143 (via DoOR.data db323a4, Hallem.2006.EN)","no Hallem 2006 receptor for this type: median over the 23 covered types (SFR range 1-47 Hz, Rmax 71-300 Hz)"
ORN_VL1,Ir75d,12.0,253.0,inferred,inferred,"Hallem & Carlson 2006 Cell 125:143 (via DoOR.data db323a4, Hallem.2006.EN)","no Hallem 2006 receptor for this type: median over the 23 covered types (SFR range 1-47 Hz, Rmax 71-300 Hz)"
ORN_VL2a,Ir84a,12.0,253.0,inferred,inferred,"Hallem & Carlson 2006 Cell 125:143 (via DoOR.data db323a4, Hallem.2006.EN)","no Hallem 2006 receptor for this type: median over the 23 covered types (SFR range 1-47 Hz, Rmax 71-300 Hz)"
ORN_VL2p,Ir31a,12.0,253.0,inferred,inferred,"Hallem & Carlson 2006 Cell 125:143 (via DoOR.data db323a4, Hallem.2006.EN)","no Hallem 2006 receptor for this type: median over the 23 covered types (SFR range 1-47 Hz, Rmax 71-300 Hz)"
ORN_VM1,Ir92a,12.0,253.0,inferred,inferred,"Hallem & Carlson 2006 Cell 125:143 (via DoOR.data db323a4, Hallem.2006.EN)","no Hallem 2006 receptor for this type: median over the 23 covered types (SFR range 1-47 Hz, Rmax 71-300 Hz)"
ORN_VM2,Or43b,2.0,203.0,measured,derived,"Hallem & Carlson 2006 Cell 125:143 (via DoOR.data db323a4, Hallem.2006.EN)",Or43b in the ab3A empty neuron (heterologous: native neuron may differ); rmax = SFR + max of 110 odour responses at 1e-2
ORN_VM3,Or9a,3.0,253.0,measured,derived,"Hallem & Carlson 2006 Cell 125:143 (via DoOR.data db323a4, Hallem.2006.EN)",Or9a in the ab3A empty neuron (heterologous: native neuron may differ); rmax = SFR + max of 110 odour responses at 1e-2
ORN_VM4,Ir76a,12.0,253.0,inferred,inferred,"Hallem & Carlson 2006 Cell 125:143 (via DoOR.data db323a4, Hallem.2006.EN)","no Hallem 2006 receptor for this type: median over the 23 covered types (SFR range 1-47 Hz, Rmax 71-300 Hz)"
ORN_VM5d,Or85b,13.0,283.0,measured,derived,"Hallem & Carlson 2006 Cell 125:143 (via DoOR.data db323a4, Hallem.2006.EN)",Or85b in the ab3A empty neuron (heterologous: native neuron may differ); rmax = SFR + max of 110 odour responses at 1e-2
ORN_VM5v,Or98a,12.0,297.0,measured,derived,"Hallem & Carlson 2006 Cell 125:143 (via DoOR.data db323a4, Hallem.2006.EN)",Or98a in the ab3A empty neuron (heterologous: native neuron may differ); rmax = SFR + max of 110 odour responses at 1e-2
ORN_VM6l,none,12.0,253.0,inferred,inferred,"Hallem & Carlson 2006 Cell 125:143 (via DoOR.data db323a4, Hallem.2006.EN)","no Hallem 2006 receptor for this type: median over the 23 covered types (SFR range 1-47 Hz, Rmax 71-300 Hz)"
ORN_VM6m,none,12.0,253.0,inferred,inferred,"Hallem & Carlson 2006 Cell 125:143 (via DoOR.data db323a4, Hallem.2006.EN)","no Hallem 2006 receptor for this type: median over the 23 covered types (SFR range 1-47 Hz, Rmax 71-300 Hz)"
ORN_VM6v,none,12.0,253.0,inferred,inferred,"Hallem & Carlson 2006 Cell 125:143 (via DoOR.data db323a4, Hallem.2006.EN)","no Hallem 2006 receptor for this type: median over the 23 covered types (SFR range 1-47 Hz, Rmax 71-300 Hz)"
ORN_VM7d,Or42a,12.0,253.0,inferred,inferred,"Hallem & Carlson 2006 Cell 125:143 (via DoOR.data db323a4, Hallem.2006.EN)","no Hallem 2006 receptor for this type: median over the 23 covered types (SFR range 1-47 Hz, Rmax 71-300 Hz)"
ORN_VM7v,Or59c,12.0,253.0,inferred,inferred,"Hallem & Carlson 2006 Cell 125:143 (via DoOR.data db323a4, Hallem.2006.EN)","no Hallem 2006 receptor for this type: median over the 23 covered types (SFR range 1-47 Hz, Rmax 71-300 Hz)"
