# Leg spring reference angles (B3), fitted (s9) so the dead, tethered model with coupled measured springs (passive.apply_coupled), a 0.19 mg tarsal weight and body roll -30..+30 deg reproduces eLife 2025 Fig 3C median equilibria (theta/phi/psi; digitised by eye +-10 deg; gamma excluded, convention unverified). scripts/passive_rest_protocol.py --fit (REG 0.1; left legs multi-started from the mirror solution; left/right agree in sign, so no mirroring flip). Residuals deg (theta/phi/psi): rf [6.7, -11.0, 2.0]; rm [8.9, -0.5, 5.9]; rh [0.2, 0.1, 0.2]; lf [3.5, -3.8, 3.1]; lm [8.8, -0.6, 5.9]; lh [0.2, 0.1, 0.2]. Middle legs press the ASSUMED coxa yaw/roll envelopes; front coxa yaw/roll split is not unique. Label inferred.
leg,joint,spring_ref_rad,change_from_neutral_deg,at_assumed_range_limit,label
rf,c_thorax-rf_coxa-yaw,-0.3444,-19.7,False,inferred
rf,c_thorax-rf_coxa-roll,0.0864,5.0,False,inferred
rf,c_thorax-rf_coxa-pitch,-0.7797,-44.7,False,inferred
rf,rf_coxa-rf_trochanterfemur-pitch,-1.2406,-71.1,False,inferred
rf,rf_trochanterfemur-rf_tibia-pitch,1.1652,66.8,False,inferred
rm,c_thorax-rm_coxa-yaw,-0.5236,-30.0,True,inferred
rm,c_thorax-rm_coxa-roll,-0.4363,-25.0,True,inferred
rm,c_thorax-rm_coxa-pitch,-0.0026,-0.2,False,inferred
rm,rm_coxa-rm_trochanterfemur-pitch,-1.0585,-60.6,False,inferred
rm,rm_trochanterfemur-rm_tibia-pitch,0.3391,19.4,False,inferred
rh,c_thorax-rh_coxa-yaw,0.029,1.7,False,inferred
rh,c_thorax-rh_coxa-roll,-0.0411,-2.4,False,inferred
rh,c_thorax-rh_coxa-pitch,0.1759,10.1,False,inferred
rh,rh_coxa-rh_trochanterfemur-pitch,-0.2167,-12.4,False,inferred
rh,rh_trochanterfemur-rh_tibia-pitch,0.0129,0.7,False,inferred
lf,c_thorax-lf_coxa-yaw,-0.5122,-29.3,False,inferred
lf,c_thorax-lf_coxa-roll,0.4041,23.2,False,inferred
lf,c_thorax-lf_coxa-pitch,-0.7425,-42.5,False,inferred
lf,lf_coxa-lf_trochanterfemur-pitch,-1.1101,-63.6,False,inferred
lf,lf_trochanterfemur-lf_tibia-pitch,1.0996,63.0,False,inferred
lm,c_thorax-lm_coxa-yaw,-0.5236,-30.0,True,inferred
lm,c_thorax-lm_coxa-roll,-0.4363,-25.0,True,inferred
lm,c_thorax-lm_coxa-pitch,-0.02,-1.1,False,inferred
lm,lm_coxa-lm_trochanterfemur-pitch,-1.0405,-59.6,False,inferred
lm,lm_trochanterfemur-lm_tibia-pitch,0.3459,19.8,False,inferred
lh,c_thorax-lh_coxa-yaw,0.0337,1.9,False,inferred
lh,c_thorax-lh_coxa-roll,-0.0268,-1.5,False,inferred
lh,c_thorax-lh_coxa-pitch,0.1894,10.8,False,inferred
lh,lh_coxa-lh_trochanterfemur-pitch,-0.2293,-13.1,False,inferred
lh,lh_trochanterfemur-lh_tibia-pitch,0.0293,1.7,False,inferred
