# Leg proprioceptor subtype per male-cns type. Subtype from the BANC crosswalk (basis column);
# direction inferred from wiring under a resistance-reflex prior (scripts/proprio_direction.py).
type,subclass,subtype,cells,basis,justification,direction,net_drive_ext_minus_flex,direction_basis
SApp23,chordotonal organ,club,22,derived,"BANC v888 cell_sub_class via reviewed male-cns matches (club; n_reviewed=23, agreement 1.0)",,,
"SApp23,SNpp56",chordotonal organ,club,6,derived,"BANC v888 cell_sub_class via reviewed male-cns matches (club; n_reviewed=0, agreement nan)",,,
SNpp17,chordotonal organ,,12,derived,"BANC v888 cell_sub_class via reviewed male-cns matches (nonleg:neck_chordotonal_organ_neuron; n_reviewed=3, agreement 1.0)",,,
SNpp18,chordotonal organ,,18,derived,"BANC v888 cell_sub_class via reviewed male-cns matches (nonleg:neck_chordotonal_organ_neuron; n_reviewed=7, agreement 1.0)",,,
SNpp22,chordotonal organ,,2,derived,"BANC v888 cell_sub_class via reviewed male-cns matches (nonleg:neck_chordotonal_organ_neuron; n_reviewed=4, agreement 1.0)",,,
SNpp39,chordotonal organ,hook_ext,39,derived,"BANC v888 cell_sub_class via reviewed male-cns matches (hook; n_reviewed=53, agreement 0.91)",extension,-819.9,inferred
SNpp40,chordotonal organ,club,30,derived,"BANC v888 cell_sub_class via reviewed male-cns matches (club; n_reviewed=5, agreement 1.0)",,,
SNpp41,chordotonal organ,hook_flex,21,derived,"BANC v888 cell_sub_class via reviewed male-cns matches (hook; n_reviewed=13, agreement 1.0)",flexion,153.4,inferred
SNpp42,chordotonal organ,club,20,derived,"BANC v888 cell_sub_class via reviewed male-cns matches (club; n_reviewed=4, agreement 1.0)",,,
SNpp43,chordotonal organ,club,18,derived,"BANC v888 cell_sub_class via reviewed male-cns matches (club; n_reviewed=11, agreement 1.0)",,,
SNpp44,chordotonal organ,hook_ext,5,derived,"BANC v888 cell_sub_class via reviewed male-cns matches (hook; n_reviewed=1, agreement 1.0)",extension,-8.2,inferred
SNpp46,chordotonal organ,claw,2,guessed,"BANC: leg chordotonal, subtype unspecified; claw kept as guess",extension,0.0,inferred
SNpp47,chordotonal organ,club,40,derived,"BANC v888 cell_sub_class via reviewed male-cns matches (club; n_reviewed=27, agreement 1.0)",,,
SNpp48,chordotonal organ,claw,10,guessed,"BANC: leg chordotonal, subtype unspecified; claw kept as guess",flexion,496.3,inferred
SNpp49,chordotonal organ,claw,4,guessed,"BANC: leg chordotonal, subtype unspecified; claw kept as guess",flexion,297.1,inferred
SNpp50,chordotonal organ,claw,61,derived,"BANC v888 cell_sub_class via reviewed male-cns matches (claw; n_reviewed=37, agreement 0.97)",flexion,1779.2,inferred
SNpp51,chordotonal organ,claw,30,derived,"BANC v888 cell_sub_class via reviewed male-cns matches (claw; n_reviewed=10, agreement 1.0)",extension,-1363.4,inferred
SNpp56,chordotonal organ,club,9,derived,"BANC v888 cell_sub_class via reviewed male-cns matches (club; n_reviewed=7, agreement 1.0)",,,
SNpp57,chordotonal organ,club,12,derived,"BANC v888 cell_sub_class via reviewed male-cns matches (club; n_reviewed=8, agreement 1.0)",,,
SNpp58,chordotonal organ,club,16,derived,"BANC v888 cell_sub_class via reviewed male-cns matches (club; n_reviewed=3, agreement 1.0)",,,
SNpp59,chordotonal organ,club,6,derived,"BANC v888 cell_sub_class via reviewed male-cns matches (club; n_reviewed=1, agreement 1.0)",,,
SNpp60,chordotonal organ,club,41,derived,"BANC v888 cell_sub_class via reviewed male-cns matches (club; n_reviewed=25, agreement 1.0)",,,
untyped,chordotonal organ,,1,unknown,no BANC match; not driven,,,
SNpp45,hair plate,hairplate_ThC_protraction,53,derived,"BANC v888 cell_sub_class via reviewed male-cns matches (leg_hair_plate; n_reviewed=40, agreement 1.0)",protraction,129.9,inferred
SNpp19,hair plate,,35,derived,"BANC v888 cell_sub_class via reviewed male-cns matches (nonleg:prosternal_hair_plate_neuron; n_reviewed=27, agreement 1.0)",,,
SNpp52,hair plate,hairplate_CTr_levation,43,derived,"BANC v888 cell_sub_class via reviewed male-cns matches (leg_hair_plate; n_reviewed=30, agreement 0.97)",levation,1153.6,inferred
